row_idx,kl_baseline,kl_ft,wd_baseline,wd_ft,loss_baseline,loss_ft,kl_delta_base_minus_ft,wd_delta_base_minus_ft,loss_delta_base_minus_ft
0,0.4542648792266845,0.4952938556671142,0.0839395523071289,0.0995472893118858,0.4542648792266845,0.4952938556671142,-0.04102897644042969,-0.0156077370047569,-0.04102897644042969
1,0.2785319089889526,0.1213190555572509,0.0612500645220279,0.0335703641176223,0.2785319089889526,0.1213190555572509,0.1572128534317017,0.0276797004044056,0.1572128534317017
2,0.1981520652770996,0.154951274394989,0.1310620754957199,0.1052370518445968,0.1981520652770996,0.154951274394989,0.043200790882110596,0.025825023651123116,0.043200790882110596
3,0.9869470596313475,0.2600802183151245,0.2478175163269043,0.1166893988847732,0.9869470596313475,0.2600802183151245,0.726866841316223,0.1311281174421311,0.726866841316223
4,0.4350601434707641,0.1465120315551757,0.1279630362987518,0.1359082013368606,0.4350601434707641,0.1465120315551757,0.2885481119155884,-0.007945165038108798,0.2885481119155884
5,0.6596077680587769,0.2073220014572143,0.1363383084535598,0.046446967869997,0.6596077680587769,0.2073220014572143,0.45228576660156256,0.0898913405835628,0.45228576660156256
6,0.2896405458450317,0.3208159208297729,0.1890315264463424,0.1791120171546936,0.2896405458450317,0.3208159208297729,-0.03117537498474121,0.00991950929164881,-0.03117537498474121
7,0.6266509294509888,0.3944448232650757,0.1298707425594329,0.1516090780496597,0.6266509294509888,0.3944448232650757,0.23220610618591309,-0.0217383354902268,0.23220610618591309
8,0.6427813768386841,0.3020025491714477,0.0720146149396896,0.0398886762559413,0.6427813768386841,0.3020025491714477,0.3407788276672364,0.032125938683748294,0.3407788276672364
9,0.3548336029052734,0.3080811500549316,0.2049767076969146,0.1691738218069076,0.3548336029052734,0.3080811500549316,0.0467524528503418,0.03580288589000699,0.0467524528503418
10,0.1397554874420166,0.1777641773223877,0.0753821432590484,0.1194135993719101,0.1397554874420166,0.1777641773223877,-0.038008689880371094,-0.04403145611286169,-0.038008689880371094
11,0.4644069671630859,0.1296679973602295,0.2545550763607025,0.0741645023226738,0.4644069671630859,0.1296679973602295,0.3347389698028564,0.18039057403802872,0.3347389698028564
12,0.547560453414917,0.0916132926940918,0.1964015662670135,0.0659101828932762,0.547560453414917,0.0916132926940918,0.4559471607208252,0.13049138337373728,0.4559471607208252
13,0.4928109645843506,0.2007540464401245,0.0835355296730995,0.083017848432064,0.4928109645843506,0.2007540464401245,0.2920569181442261,0.0005176812410355031,0.2920569181442261
14,0.2694287300109863,0.1414697170257568,0.0656140968203544,0.0856697410345077,0.2694287300109863,0.1414697170257568,0.12795901298522946,-0.02005564421415329,0.12795901298522946
15,0.1596139669418335,0.1099129915237426,0.0702353566884994,0.0929125547409057,0.1596139669418335,0.1099129915237426,0.04970097541809089,-0.02267719805240631,0.04970097541809089
16,0.4818992614746094,0.3419700860977173,0.160470500588417,0.2848596572875976,0.4818992614746094,0.3419700860977173,0.1399291753768921,-0.1243891566991806,0.1399291753768921
17,0.3524695634841919,0.1231508255004882,0.1164904460310936,0.0451203286647796,0.3524695634841919,0.1231508255004882,0.2293187379837037,0.07137011736631399,0.2293187379837037
18,1.5346214771270752,1.0386810302734375,0.2145174741744995,0.1501453816890716,1.5346214771270752,1.0386810302734375,0.4959404468536377,0.06437209248542791,0.4959404468536377
19,0.2914589643478393,0.6010440587997437,0.2007383853197097,0.2572329938411712,0.2914589643478393,0.6010440587997437,-0.30958509445190435,-0.056494608521461515,-0.30958509445190435
20,0.6143975257873535,0.7368669509887695,0.0870651006698608,0.1092894598841667,0.6143975257873535,0.7368669509887695,-0.12246942520141602,-0.022224359214305905,-0.12246942520141602
21,0.7177258729934692,0.2057259082794189,0.2724960744380951,0.1100637167692184,0.7177258729934692,0.2057259082794189,0.5119999647140503,0.1624323576688767,0.5119999647140503
22,0.411392331123352,0.728182315826416,0.2704876065254211,0.3149993419647217,0.411392331123352,0.728182315826416,-0.316789984703064,-0.04451173543930059,-0.316789984703064
23,0.5092341899871826,0.1572728157043457,0.0870885998010635,0.0320817269384861,0.5092341899871826,0.1572728157043457,0.3519613742828369,0.0550068728625774,0.3519613742828369
24,0.1169424057006836,0.0717902183532714,0.0362561307847499,0.0638188570737838,0.1169424057006836,0.0717902183532714,0.04515218734741219,-0.027562726289033904,0.04515218734741219
25,0.5405627489089966,0.244085431098938,0.1783674210309982,0.24173404276371,0.5405627489089966,0.244085431098938,0.2964773178100586,-0.06336662173271179,0.2964773178100586
26,0.6008206605911255,0.1214960813522338,0.2704210877418518,0.1160401850938797,0.6008206605911255,0.1214960813522338,0.4793245792388917,0.1543809026479721,0.4793245792388917
27,0.4564255475997925,0.1515009403228759,0.0804135501384735,0.0228101592510938,0.4564255475997925,0.1515009403228759,0.3049246072769166,0.0576033908873797,0.3049246072769166
28,0.3175062537193298,0.243434727191925,0.1667931228876114,0.1346182525157928,0.3175062537193298,0.243434727191925,0.07407152652740479,0.0321748703718186,0.07407152652740479
29,0.5452460050582886,0.2047007083892822,0.0963205322623252,0.0507245510816574,0.5452460050582886,0.2047007083892822,0.34054529666900635,0.0455959811806678,0.34054529666900635
30,0.7918418645858765,0.284531831741333,0.2101280242204666,0.1067608296871185,0.7918418645858765,0.284531831741333,0.5073100328445435,0.10336719453334811,0.5073100328445435
31,0.529761552810669,0.0983326435089111,0.2669439613819122,0.0362980440258979,0.529761552810669,0.0983326435089111,0.4314289093017578,0.23064591735601428,0.4314289093017578
32,0.5494104623794556,0.3051809072494507,0.1074993908405304,0.0863901823759079,0.5494104623794556,0.3051809072494507,0.24422955513000488,0.021109208464622498,0.24422955513000488
33,0.6647239923477173,0.3459912538528442,0.1912611722946167,0.1195548996329307,0.6647239923477173,0.3459912538528442,0.3187327384948731,0.071706272661686,0.3187327384948731
34,0.2943645715713501,0.5883636474609375,0.2014341801404953,0.2573305666446686,0.2943645715713501,0.5883636474609375,-0.2939990758895874,-0.05589638650417328,-0.2939990758895874
35,0.7435505390167236,0.194582462310791,0.1850947141647339,0.0767772197723388,0.7435505390167236,0.194582462310791,0.5489680767059326,0.10831749439239509,0.5489680767059326
36,0.3670707941055298,0.5578135251998901,0.2400157004594802,0.2637990415096283,0.3670707941055298,0.5578135251998901,-0.19074273109436035,-0.023783341050148094,-0.19074273109436035
37,0.0995221138000488,0.2752660512924194,0.0810437723994255,0.1621466875076294,0.0995221138000488,0.2752660512924194,-0.17574393749237058,-0.08110291510820389,-0.17574393749237058
38,0.6098179817199707,0.1531451940536499,0.1238015741109848,0.0422875918447971,0.6098179817199707,0.1531451940536499,0.4566727876663208,0.0815139822661877,0.4566727876663208
39,0.1970397233963012,0.2844418287277221,0.1244005337357521,0.1683481037616729,0.1970397233963012,0.2844418287277221,-0.08740210533142093,-0.043947570025920785,-0.08740210533142093
40,0.3198540210723877,0.0345962047576904,0.2072031944990158,0.0336053445935249,0.3198540210723877,0.0345962047576904,0.28525781631469727,0.1735978499054909,0.28525781631469727
41,0.6711575984954834,0.139042854309082,0.2270555943250656,0.0891856700181961,0.6711575984954834,0.139042854309082,0.5321147441864014,0.1378699243068695,0.5321147441864014
42,0.298886775970459,0.3402392864227295,0.0677370354533195,0.0819043964147567,0.298886775970459,0.3402392864227295,-0.04135251045227051,-0.014167360961437211,-0.04135251045227051
43,0.3897507190704345,0.4291644096374511,0.0887916460633277,0.082678847014904,0.3897507190704345,0.4291644096374511,-0.0394136905670166,0.006112799048423712,-0.0394136905670166
44,0.2652459144592285,0.0980260372161865,0.1865842342376709,0.0598570927977561,0.2652459144592285,0.0980260372161865,0.16721987724304202,0.12672714143991481,0.16721987724304202
45,0.2544598579406738,0.5943166017532349,0.1777331382036209,0.2477014511823654,0.2544598579406738,0.5943166017532349,-0.3398567438125611,-0.06996831297874448,-0.3398567438125611
46,0.3346424102783203,0.3748440742492676,0.1807563006877899,0.1843530833721161,0.3346424102783203,0.3748440742492676,-0.040201663970947266,-0.0035967826843261996,-0.040201663970947266
47,0.6451380252838135,0.7795684337615967,0.0999789237976074,0.1289087831974029,0.6451380252838135,0.7795684337615967,-0.1344304084777832,-0.028929859399795504,-0.1344304084777832
48,0.3726375102996826,0.1039694547653198,0.0759366452693939,0.0345032960176467,0.3726375102996826,0.1039694547653198,0.2686680555343628,0.041433349251747194,0.2686680555343628
49,0.1781322956085205,0.3563334941864013,0.1316874325275421,0.1891230344772339,0.1781322956085205,0.3563334941864013,-0.1782011985778808,-0.0574356019496918,-0.1782011985778808
50,0.443304181098938,0.0823177099227905,0.1286749839782714,0.0379052236676216,0.443304181098938,0.0823177099227905,0.36098647117614746,0.0907697603106498,0.36098647117614746
51,0.6707350015640259,0.4136021137237549,0.2010530978441238,0.1425110250711441,0.6707350015640259,0.4136021137237549,0.257132887840271,0.05854207277297971,0.257132887840271
52,0.3917827606201172,0.4503374099731445,0.2114422023296356,0.2378581762313842,0.3917827606201172,0.4503374099731445,-0.05855464935302729,-0.0264159739017486,-0.05855464935302729
53,0.4197616577148437,0.0571001768112182,0.1673345863819122,0.0384275391697883,0.4197616577148437,0.0571001768112182,0.3626614809036255,0.1289070472121239,0.3626614809036255
54,0.3869543075561523,0.1985279321670532,0.136850968003273,0.0675138905644416,0.3869543075561523,0.1985279321670532,0.1884263753890991,0.06933707743883141,0.1884263753890991
55,0.6693843603134155,0.1799210309982299,0.1616375744342804,0.0822977498173713,0.6693843603134155,0.1799210309982299,0.48946332931518566,0.0793398246169091,0.48946332931518566
56,0.259791612625122,0.2648078203201294,0.1959841549396515,0.1431110799312591,0.259791612625122,0.2648078203201294,-0.00501620769500738,0.05287307500839239,-0.00501620769500738
57,0.2721880674362182,0.0565772056579589,0.0598477721214294,0.023839583620429,0.2721880674362182,0.0565772056579589,0.2156108617782593,0.036008188501000404,0.2156108617782593
58,0.3425567150115967,0.4219369888305664,0.1961245536804199,0.2051433026790619,0.3425567150115967,0.4219369888305664,-0.07938027381896973,-0.009018748998641996,-0.07938027381896973
59,0.3339525461196899,0.5679117441177368,0.2105197608470916,0.2431429922580719,0.3339525461196899,0.5679117441177368,-0.23395919799804693,-0.03262323141098031,-0.23395919799804693
60,0.4742250442504883,0.1132833957672119,0.2343479096889495,0.0540849193930625,0.4742250442504883,0.1132833957672119,0.36094164848327637,0.180262990295887,0.36094164848327637
61,0.228616714477539,0.3779335021972656,0.1646281033754348,0.224698930978775,0.228616714477539,0.3779335021972656,-0.14931678771972662,-0.060070827603340204,-0.14931678771972662
62,0.4224100112915039,0.1018061637878418,0.1684806048870086,0.0821529775857925,0.4224100112915039,0.1018061637878418,0.3206038475036621,0.08632762730121611,0.3206038475036621
63,0.3937057256698608,0.45668625831604,0.2526161670684814,0.2646917402744293,0.3937057256698608,0.45668625831604,-0.0629805326461792,-0.012075573205947931,-0.0629805326461792
64,0.1814911365509033,0.0116385221481323,0.0930663049221038,0.0147489728406071,0.1814911365509033,0.0116385221481323,0.169852614402771,0.0783173320814967,0.169852614402771
65,0.1382553577423095,0.0516345500946044,0.0422727651894092,0.0487153157591819,0.1382553577423095,0.0516345500946044,0.08662080764770508,-0.0064425505697726995,0.08662080764770508
66,0.2369484901428222,0.2607495784759521,0.1251849383115768,0.152485504746437,0.2369484901428222,0.2607495784759521,-0.023801088333129883,-0.027300566434860202,-0.023801088333129883
67,0.3632326126098633,0.2440618276596069,0.1130677610635757,0.2073706835508346,0.3632326126098633,0.2440618276596069,0.11917078495025638,-0.0943029224872589,0.11917078495025638
68,0.8839550018310547,0.3836327791213989,0.1351611912250518,0.0655433237552642,0.8839550018310547,0.3836327791213989,0.5003222227096558,0.0696178674697876,0.5003222227096558
69,0.4595131874084472,0.0813144445419311,0.1007420718669891,0.0199024602770805,0.4595131874084472,0.0813144445419311,0.3781987428665161,0.0808396115899086,0.3781987428665161
70,0.5723700523376465,0.3752006292343139,0.0602164082229137,0.0476628467440605,0.5723700523376465,0.3752006292343139,0.19716942310333258,0.012553561478853198,0.19716942310333258
71,0.1988215446472168,0.5206334590911865,0.1411100029945373,0.227829247713089,0.1988215446472168,0.5206334590911865,-0.3218119144439697,-0.08671924471855169,-0.3218119144439697
72,0.7600724697113037,0.1168797016143798,0.3249635994434356,0.0351705700159072,0.7600724697113037,0.1168797016143798,0.6431927680969239,0.28979302942752844,0.6431927680969239
73,0.4826811552047729,0.2487720251083374,0.1602152436971664,0.2232129871845245,0.4826811552047729,0.2487720251083374,0.2339091300964355,-0.06299774348735812,0.2339091300964355
74,0.1044901609420776,0.162574291229248,0.0886242538690567,0.1413838565349578,0.1044901609420776,0.162574291229248,-0.058084130287170396,-0.0527596026659011,-0.058084130287170396
75,0.3435583114624023,0.3973487615585327,0.1904478371143341,0.193920612335205,0.3435583114624023,0.3973487615585327,-0.05379045009613043,-0.0034727752208708884,-0.05379045009613043
76,0.1633414030075073,0.3806984424591064,0.1312104165554046,0.2067804783582687,0.1633414030075073,0.3806984424591064,-0.2173570394515991,-0.0755700618028641,-0.2173570394515991
77,0.2948929071426391,0.2140816450119018,0.0756241753697395,0.1584672480821609,0.2948929071426391,0.2140816450119018,0.0808112621307373,-0.08284307271242139,0.0808112621307373
78,0.7099852561950684,0.2867977619171142,0.2930482923984527,0.1306480467319488,0.7099852561950684,0.2867977619171142,0.42318749427795416,0.1624002456665039,0.42318749427795416
79,0.4470465183258056,0.3687499761581421,0.204237699508667,0.1604234129190445,0.4470465183258056,0.3687499761581421,0.07829654216766352,0.0438142865896225,0.07829654216766352
80,0.1776762008666992,0.3410674333572387,0.0669197291135788,0.1951430737972259,0.1776762008666992,0.3410674333572387,-0.16339123249053952,-0.1282233446836471,-0.16339123249053952
81,0.8843344449996948,0.1320468187332153,0.3388556540012359,0.1013832464814186,0.8843344449996948,0.1320468187332153,0.7522876262664795,0.2374724075198173,0.7522876262664795
82,0.2800531387329101,0.5307235717773438,0.2099597454071045,0.248074010014534,0.2800531387329101,0.5307235717773438,-0.25067043304443365,-0.038114264607429504,-0.25067043304443365
83,0.1644787788391113,0.4189317226409912,0.1389252841472625,0.2153173238039016,0.1644787788391113,0.4189317226409912,-0.2544529438018799,-0.0763920396566391,-0.2544529438018799
84,0.469203233718872,0.1349807977676391,0.0859884396195411,0.0292776226997375,0.469203233718872,0.1349807977676391,0.3342224359512329,0.0567108169198036,0.3342224359512329
85,0.698125958442688,0.2078871726989746,0.2664117813110351,0.109176680445671,0.698125958442688,0.2078871726989746,0.4902387857437134,0.1572351008653641,0.4902387857437134
86,0.1513491868972778,0.181416630744934,0.0549271777272224,0.123218223452568,0.1513491868972778,0.181416630744934,-0.030067443847656194,-0.0682910457253456,-0.030067443847656194
87,0.4892489910125732,0.0935277938842773,0.2590045034885406,0.1007406711578369,0.4892489910125732,0.0935277938842773,0.3957211971282959,0.15826383233070368,0.3957211971282959
88,0.5684921741485596,0.2723335027694702,0.1354517191648483,0.2159804999828338,0.5684921741485596,0.2723335027694702,0.29615867137908936,-0.0805287808179855,0.29615867137908936
89,0.4174891710281372,0.2165690660476684,0.2139700353145599,0.1330568641424179,0.4174891710281372,0.2165690660476684,0.2009201049804688,0.080913171172142,0.2009201049804688
90,1.9867041110992432,1.249743938446045,0.2467022985219955,0.2033436745405197,1.9867041110992432,1.249743938446045,0.7369601726531982,0.0433586239814758,0.7369601726531982
91,0.8300803899765015,0.2167598009109497,0.1864708811044693,0.0892833471298217,0.8300803899765015,0.2167598009109497,0.6133205890655518,0.0971875339746476,0.6133205890655518
92,0.148542046546936,0.4259097576141357,0.0408322736620903,0.2193300276994705,0.148542046546936,0.4259097576141357,-0.2773677110671997,-0.1784977540373802,-0.2773677110671997
93,0.4413286447525024,0.7441103458404541,0.2759366631507873,0.3180200457572937,0.4413286447525024,0.7441103458404541,-0.3027817010879517,-0.0420833826065064,-0.3027817010879517
94,0.2644815444946289,0.2073851823806762,0.1309972554445266,0.1300733089447021,0.2644815444946289,0.2073851823806762,0.05709636211395272,0.0009239464998244962,0.05709636211395272
95,0.1678253412246704,0.1495664119720459,0.0956084802746772,0.0998681485652923,0.1678253412246704,0.1495664119720459,0.01825892925262451,-0.0042596682906151095,0.01825892925262451
96,0.6492128372192383,0.4240899085998535,0.1791156679391861,0.3234799206256866,0.6492128372192383,0.4240899085998535,0.22512292861938477,-0.1443642526865005,0.22512292861938477
97,0.5063235759735107,0.1486059427261352,0.1017612367868423,0.0412223935127258,0.5063235759735107,0.1486059427261352,0.35771763324737554,0.0605388432741165,0.35771763324737554
98,0.3916975259780884,0.5467523336410522,0.2078173160552978,0.2300958335399627,0.3916975259780884,0.5467523336410522,-0.15505480766296387,-0.022278517484664917,-0.15505480766296387
99,0.40102219581604,0.1692994832992553,0.1380655914545059,0.0371056944131851,0.40102219581604,0.1692994832992553,0.2317227125167847,0.1009598970413208,0.2317227125167847
100,0.4855040311813354,0.7334738969802856,0.292620837688446,0.304262101650238,0.4855040311813354,0.7334738969802856,-0.24796986579895025,-0.011641263961791992,-0.24796986579895025
101,0.2884891033172607,0.0460069179534912,0.1252069026231765,0.0356049835681915,0.2884891033172607,0.0460069179534912,0.24248218536376948,0.08960191905498499,0.24248218536376948
102,1.8878719806671145,1.1531105041503906,0.2654763758182525,0.2196224927902221,1.8878719806671145,1.1531105041503906,0.7347614765167239,0.045853883028030396,0.7347614765167239
103,0.2304245233535766,0.0201750993728637,0.1258988976478576,0.0164280198514461,0.2304245233535766,0.0201750993728637,0.2102494239807129,0.10947087779641151,0.2102494239807129
104,2.152703762054444,1.3243778944015503,0.2470062971115112,0.1983899623155594,2.152703762054444,1.3243778944015503,0.8283258676528935,0.048616334795951816,0.8283258676528935
105,0.2471182346343994,0.398442268371582,0.1253389865159988,0.188119500875473,0.2471182346343994,0.398442268371582,-0.1513240337371826,-0.06278051435947418,-0.1513240337371826
106,0.6984847784042358,0.4874420166015625,0.1005191951990127,0.1032819896936416,0.6984847784042358,0.4874420166015625,0.21104276180267334,-0.0027627944946288924,0.21104276180267334
107,0.4676187038421631,0.1379909515380859,0.0914185494184494,0.0265604555606842,0.4676187038421631,0.1379909515380859,0.32962775230407715,0.0648580938577652,0.32962775230407715
108,0.4498811960220337,0.1008816957473754,0.2464605569839477,0.0392509773373603,0.4498811960220337,0.1008816957473754,0.3489995002746583,0.2072095796465874,0.3489995002746583
109,0.3716304302215576,0.3381150960922241,0.2062455862760543,0.1803959459066391,0.3716304302215576,0.3381150960922241,0.033515334129333496,0.0258496403694152,0.033515334129333496
110,0.7692602872848511,0.2982498407363891,0.2964435517787933,0.1385711133480072,0.7692602872848511,0.2982498407363891,0.47101044654846197,0.15787243843078608,0.47101044654846197
111,0.5294812917709351,0.2102934122085571,0.2581076920032501,0.1018299236893653,0.5294812917709351,0.2102934122085571,0.31918787956237793,0.15627776831388482,0.31918787956237793
112,0.2071205377578735,0.440948486328125,0.183765709400177,0.2320549041032791,0.2071205377578735,0.440948486328125,-0.2338279485702515,-0.04828919470310211,-0.2338279485702515
113,0.710395336151123,0.6833264827728271,0.1000821515917778,0.1128195747733116,0.710395336151123,0.6833264827728271,0.0270688533782959,-0.0127374231815338,0.0270688533782959
114,0.7078359127044678,0.1120636463165283,0.3344919383525848,0.0450706742703914,0.7078359127044678,0.1120636463165283,0.5957722663879395,0.2894212640821934,0.5957722663879395
115,0.5111390352249146,0.5545998811721802,0.0937027707695961,0.0958474949002265,0.5111390352249146,0.5545998811721802,-0.043460845947265625,-0.002144724130630396,-0.043460845947265625
116,0.5742936134338379,0.6785449981689453,0.0864719077944755,0.0958338752388954,0.5742936134338379,0.6785449981689453,-0.10425138473510742,-0.009361967444419902,-0.10425138473510742
117,0.5667984485626221,0.3873848915100097,0.0657443031668663,0.0599914863705635,0.5667984485626221,0.3873848915100097,0.17941355705261236,0.005752816796302802,0.17941355705261236
118,0.4917354583740234,0.3310120105743408,0.0968499034643173,0.2346498668193817,0.4917354583740234,0.3310120105743408,0.16072344779968256,-0.13779996335506442,0.16072344779968256
119,0.715793251991272,0.1984202861785888,0.2202544212341308,0.1091429218649864,0.715793251991272,0.1984202861785888,0.5173729658126831,0.1111114993691444,0.5173729658126831
120,0.1514593958854675,0.3760328888893127,0.1263215541839599,0.1399493515491485,0.1514593958854675,0.3760328888893127,-0.2245734930038452,-0.013627797365188599,-0.2245734930038452
121,0.429293155670166,0.1914998292922973,0.1101491823792457,0.1589357703924179,0.429293155670166,0.1914998292922973,0.2377933263778687,-0.048786588013172205,0.2377933263778687
122,0.3556692600250244,0.5512915849685669,0.0699215233325958,0.0875283405184745,0.3556692600250244,0.5512915849685669,-0.19562232494354248,-0.017606817185878698,-0.19562232494354248
123,0.2803457975387573,0.4743496179580688,0.1891558170318603,0.2504714131355285,0.2803457975387573,0.4743496179580688,-0.19400382041931147,-0.06131559610366821,-0.19400382041931147
124,0.6302754878997803,0.6315081119537354,0.0985133871436119,0.1207251250743866,0.6302754878997803,0.6315081119537354,-0.0012326240539550781,-0.022211737930774703,-0.0012326240539550781
125,0.1361926794052124,0.199277639389038,0.0540998205542564,0.1338416039943695,0.1361926794052124,0.199277639389038,-0.0630849599838256,-0.07974178344011311,-0.0630849599838256
126,0.3411111831665039,0.282218337059021,0.1980519145727157,0.1645971238613128,0.3411111831665039,0.282218337059021,0.05889284610748291,0.03345479071140289,0.05889284610748291
127,0.3678164482116699,0.0752965211868286,0.0782500058412551,0.0116276228800416,0.3678164482116699,0.0752965211868286,0.2925199270248413,0.0666223829612135,0.2925199270248413
128,0.3067518472671509,0.0358192920684814,0.1922659575939178,0.0317072793841362,0.3067518472671509,0.0358192920684814,0.2709325551986695,0.1605586782097816,0.2709325551986695
129,0.5433979034423828,0.5372331142425537,0.3131777048110962,0.298383891582489,0.5433979034423828,0.5372331142425537,0.0061647891998291016,0.014793813228607178,0.0061647891998291016
130,0.4301596879959106,0.4088746309280395,0.2119686305522918,0.1980724185705185,0.4301596879959106,0.4088746309280395,0.021285057067871094,0.013896211981773293,0.021285057067871094
131,0.246211290359497,0.1881470680236816,0.1560606211423874,0.1241883113980293,0.246211290359497,0.1881470680236816,0.058064222335815374,0.03187230974435809,0.058064222335815374
132,0.2115925550460815,0.2638087272644043,0.1420427858829498,0.1539890021085739,0.2115925550460815,0.2638087272644043,-0.05221617221832281,-0.011946216225624112,-0.05221617221832281
133,1.0841379165649414,0.1553497314453125,0.3978881537914276,0.1220335289835929,1.0841379165649414,0.1553497314453125,0.9287881851196289,0.27585462480783474,0.9287881851196289
134,1.0935770273208618,0.4555164575576782,0.2725827991962433,0.1474319845438003,1.0935770273208618,0.4555164575576782,0.6380605697631836,0.125150814652443,0.6380605697631836
135,0.1754751205444336,0.2752730846405029,0.1043698042631149,0.1823809444904327,0.1754751205444336,0.2752730846405029,-0.09979796409606928,-0.07801114022731781,-0.09979796409606928
136,0.1925399303436279,0.2659432888031006,0.1063650250434875,0.1562664210796356,0.1925399303436279,0.2659432888031006,-0.07340335845947268,-0.0499013960361481,-0.07340335845947268
137,0.4054427146911621,0.2398558855056762,0.2226571142673492,0.1519619524478912,0.4054427146911621,0.2398558855056762,0.16558682918548592,0.07069516181945798,0.16558682918548592
138,0.6417877674102783,0.3541926145553589,0.208381101489067,0.1093925461173057,0.6417877674102783,0.3541926145553589,0.28759515285491943,0.0989885553717613,0.28759515285491943
139,0.4085586071014404,0.2771830558776855,0.1029222458600997,0.1843476146459579,0.4085586071014404,0.2771830558776855,0.13137555122375488,-0.0814253687858582,0.13137555122375488
140,0.640727162361145,0.6492637395858765,0.0794300287961959,0.0537563823163509,0.640727162361145,0.6492637395858765,-0.008536577224731445,0.025673646479845,-0.008536577224731445
141,0.3112555742263794,0.0584495067596435,0.1281289756298065,0.0487564802169799,0.3112555742263794,0.0584495067596435,0.2528060674667359,0.0793724954128266,0.2528060674667359
142,0.203220784664154,0.1752389073371887,0.1334951221942901,0.1137908697128295,0.203220784664154,0.1752389073371887,0.027981877326965304,0.0197042524814606,0.027981877326965304
143,1.525101900100708,1.126726150512695,0.239529088139534,0.1900467723608017,1.525101900100708,1.126726150512695,0.3983757495880129,0.0494823157787323,0.3983757495880129
144,0.5247896909713745,0.2578085660934448,0.1215024664998054,0.2146316319704055,0.5247896909713745,0.2578085660934448,0.2669811248779297,-0.0931291654706001,0.2669811248779297
145,0.9496417045593262,0.5307002067565918,0.1235023885965347,0.0883696973323822,0.9496417045593262,0.5307002067565918,0.4189414978027344,0.0351326912641525,0.4189414978027344
146,0.1956313848495483,0.1445897817611694,0.1144256740808487,0.1093239933252334,0.1956313848495483,0.1445897817611694,0.051041603088378906,0.00510168075561529,0.051041603088378906
147,0.3722447156906128,0.1013259887695312,0.1915085613727569,0.0277260281145572,0.3722447156906128,0.1013259887695312,0.2709187269210816,0.1637825332581997,0.2709187269210816
148,1.8989852666854856,1.2537239789962769,0.2455254048109054,0.1996691077947616,1.8989852666854856,1.2537239789962769,0.6452612876892088,0.0458562970161438,0.6452612876892088
149,0.4598174095153808,0.7696595191955566,0.2861170172691345,0.3339882791042328,0.4598174095153808,0.7696595191955566,-0.30984210968017584,-0.04787126183509827,-0.30984210968017584
150,0.7073467969894409,0.3623961210250854,0.1724055707454681,0.2477655112743377,0.7073467969894409,0.3623961210250854,0.3449506759643555,-0.0753599405288696,0.3449506759643555
151,0.5745581388473511,0.2228505611419677,0.2594975531101227,0.1018098965287208,0.5745581388473511,0.2228505611419677,0.3517075777053834,0.15768765658140188,0.3517075777053834
152,0.4261362552642822,0.6436909437179565,0.2779246270656585,0.300069659948349,0.4261362552642822,0.6436909437179565,-0.21755468845367432,-0.022145032882690485,-0.21755468845367432
153,0.2216048240661621,0.3010798692703247,0.1425126492977142,0.1820086538791656,0.2216048240661621,0.3010798692703247,-0.0794750452041626,-0.03949600458145139,-0.0794750452041626
154,0.2434229850769043,0.2564473748207092,0.1755118668079376,0.1395206302404403,0.2434229850769043,0.2564473748207092,-0.013024389743804876,0.03599123656749728,-0.013024389743804876
155,0.5046945810317993,0.2232404947280883,0.141086533665657,0.0545247979462146,0.5046945810317993,0.2232404947280883,0.28145408630371105,0.0865617357194424,0.28145408630371105
156,0.1543376445770263,0.3518949747085571,0.0521366223692894,0.206592708826065,0.1543376445770263,0.3518949747085571,-0.19755733013153076,-0.1544560864567756,-0.19755733013153076
157,1.823098063468933,1.2533544301986694,0.2496538609266281,0.2028158158063888,1.823098063468933,1.2533544301986694,0.5697436332702637,0.04683804512023931,0.5697436332702637
158,0.3108720779418945,0.3059377670288086,0.1834176480770111,0.1647775471210479,0.3108720779418945,0.3059377670288086,0.004934310913085882,0.018640100955963218,0.004934310913085882
159,0.6527876853942871,0.2185330390930175,0.2871911227703094,0.1179646998643875,0.6527876853942871,0.2185330390930175,0.43425464630126964,0.16922642290592188,0.43425464630126964
160,0.4653548002243042,0.0749344825744628,0.1737335920333862,0.05476775765419,0.4653548002243042,0.0749344825744628,0.3904203176498414,0.1189658343791962,0.3904203176498414
161,0.7810087203979492,0.2556078433990478,0.2855636477470398,0.1159166693687439,0.7810087203979492,0.2556078433990478,0.5254008769989014,0.1696469783782959,0.5254008769989014
162,0.2810914516448974,0.3045021295547485,0.1599096804857254,0.161270871758461,0.2810914516448974,0.3045021295547485,-0.023410677909851074,-0.0013611912727355957,-0.023410677909851074
163,0.4428644180297851,0.4743170738220215,0.0938898921012878,0.103066049516201,0.4428644180297851,0.4743170738220215,-0.031452655792236384,-0.009176157414913205,-0.031452655792236384
164,0.2051136493682861,0.297460675239563,0.1272827237844467,0.1826329529285431,0.2051136493682861,0.297460675239563,-0.09234702587127688,-0.0553502291440964,-0.09234702587127688
165,0.3507838249206543,0.5278267860412598,0.1951871514320373,0.243137314915657,0.3507838249206543,0.5278267860412598,-0.17704296112060547,-0.04795016348361969,-0.17704296112060547
166,0.2053228616714477,0.3717755079269409,0.0595618076622486,0.2165752947330474,0.2053228616714477,0.3717755079269409,-0.16645264625549322,-0.15701348707079882,-0.16645264625549322
167,0.6594977378845215,0.1078085899353027,0.1868934333324432,0.0723214000463485,0.6594977378845215,0.1078085899353027,0.5516891479492188,0.11457203328609471,0.5516891479492188
168,0.3302720785140991,0.4927188158035278,0.1476623713970184,0.197451964020729,0.3302720785140991,0.4927188158035278,-0.16244673728942866,-0.049789592623710605,-0.16244673728942866
169,0.6674516201019287,0.2498103380203247,0.2586660385131836,0.1100231409072876,0.6674516201019287,0.2498103380203247,0.417641282081604,0.148642897605896,0.417641282081604
170,0.3972117900848388,0.1852583885192871,0.0986602455377578,0.1304681003093719,0.3972117900848388,0.1852583885192871,0.2119534015655517,-0.03180785477161409,0.2119534015655517
171,0.3736072778701782,0.0462136268615722,0.139983057975769,0.0374799817800521,0.3736072778701782,0.0462136268615722,0.327393651008606,0.10250307619571689,0.327393651008606
172,1.8967444896698,1.105001449584961,0.2577829957008362,0.2110442370176315,1.8967444896698,1.105001449584961,0.7917430400848391,0.04673875868320468,0.7917430400848391
173,0.1886627674102783,0.2225795984268188,0.1293461173772812,0.1300941407680511,0.1886627674102783,0.2225795984268188,-0.0339168310165405,-0.000748023390769903,-0.0339168310165405
174,0.5500032901763916,0.059333324432373,0.2698123455047607,0.023301200941205,0.5500032901763916,0.059333324432373,0.4906699657440186,0.2465111445635557,0.4906699657440186
175,0.2461075782775879,0.2165331840515136,0.0645259469747543,0.1276093572378158,0.2461075782775879,0.2165331840515136,0.029574394226074302,-0.0630834102630615,0.029574394226074302
176,1.0131490230560305,0.2057615518569946,0.2624918222427368,0.1113173067569732,1.0131490230560305,0.2057615518569946,0.8073874711990359,0.1511745154857636,0.8073874711990359
177,0.7329921722412109,0.288325548171997,0.107597529888153,0.0368371754884719,0.7329921722412109,0.288325548171997,0.4446666240692139,0.0707603543996811,0.4446666240692139
178,0.549923300743103,0.2617419958114624,0.1713757961988449,0.0801444724202156,0.549923300743103,0.2617419958114624,0.2881813049316406,0.0912313237786293,0.2881813049316406
179,0.2838563919067383,0.1854822635650634,0.1831877529621124,0.1186193451285362,0.2838563919067383,0.1854822635650634,0.09837412834167489,0.0645684078335762,0.09837412834167489
180,0.4841048717498779,0.2054923772811889,0.1507416516542434,0.1887643337249755,0.4841048717498779,0.2054923772811889,0.27861249446868896,-0.03802268207073209,0.27861249446868896
181,0.2150464653968811,0.1544950604438781,0.1085534319281578,0.0991523116827011,0.2150464653968811,0.1544950604438781,0.06055140495300301,0.00940112024545671,0.06055140495300301
182,0.4440069198608398,0.0514154434204101,0.1750567704439163,0.0469069108366966,0.4440069198608398,0.0514154434204101,0.3925914764404297,0.1281498596072197,0.3925914764404297
183,0.1620463132858276,0.1616096496582031,0.0786439627408981,0.1191345602273941,0.1620463132858276,0.1616096496582031,0.0004366636276245117,-0.040490597486496,0.0004366636276245117
184,0.4992831945419311,0.1734669208526611,0.0815403833985328,0.0323042199015617,0.4992831945419311,0.1734669208526611,0.32581627368927,0.049236163496971096,0.32581627368927
185,0.8247804641723633,0.211393117904663,0.1843362897634506,0.0726453587412834,0.8247804641723633,0.211393117904663,0.6133873462677003,0.11169093102216719,0.6133873462677003
186,0.423647403717041,0.5635836124420166,0.2586056292057037,0.2779185175895691,0.423647403717041,0.5635836124420166,-0.13993620872497559,-0.019312888383865412,-0.13993620872497559
187,0.3637993335723877,0.5937845706939697,0.2314024418592453,0.2804168164730072,0.3637993335723877,0.5937845706939697,-0.22998523712158203,-0.0490143746137619,-0.22998523712158203
188,0.4364336729049682,0.1160808801651001,0.1224937811493873,0.0620718598365783,0.4364336729049682,0.1160808801651001,0.3203527927398681,0.060421921312809004,0.3203527927398681
189,0.2948416471481323,0.6899001598358154,0.2183920443058014,0.2877808511257171,0.2948416471481323,0.6899001598358154,-0.3950585126876831,-0.06938880681991572,-0.3950585126876831
190,1.7925554513931274,1.13632333278656,0.2416169643402099,0.1913365125656128,1.7925554513931274,1.13632333278656,0.6562321186065674,0.05028045177459711,0.6562321186065674
191,0.1927318572998047,0.2879587411880493,0.0643072128295898,0.1867720484733581,0.1927318572998047,0.2879587411880493,-0.09522688388824463,-0.1224648356437683,-0.09522688388824463
192,0.4872808456420898,0.5135798454284668,0.0881551280617713,0.0936375334858894,0.4872808456420898,0.5135798454284668,-0.02629899978637701,-0.0054824054241180975,-0.02629899978637701
193,0.5296518802642822,0.1989927291870117,0.233595460653305,0.1011970490217208,0.5296518802642822,0.1989927291870117,0.3306591510772705,0.1323984116315842,0.3306591510772705
194,0.501967191696167,0.5643601417541504,0.0544451959431171,0.0738924816250801,0.501967191696167,0.5643601417541504,-0.0623929500579834,-0.019447285681962995,-0.0623929500579834
195,0.6572414636611938,0.2496833801269531,0.2524670958518982,0.1117024421691894,0.6572414636611938,0.2496833801269531,0.4075580835342407,0.1407646536827088,0.4075580835342407
196,1.636653184890747,1.133232593536377,0.2344109266996383,0.1925790756940841,1.636653184890747,1.133232593536377,0.5034205913543701,0.0418318510055542,0.5034205913543701
197,0.690136194229126,0.2441766262054443,0.2121071368455886,0.1163607984781265,0.690136194229126,0.2441766262054443,0.44595956802368164,0.0957463383674621,0.44595956802368164
198,0.4417932033538818,0.4786257743835449,0.0785096511244773,0.0980187729001045,0.4417932033538818,0.4786257743835449,-0.03683257102966314,-0.019509121775627192,-0.03683257102966314
199,0.1176643371582031,0.3310787677764892,0.0876074358820915,0.1940449178218841,0.1176643371582031,0.3310787677764892,-0.2134144306182861,-0.1064374819397926,-0.2134144306182861
200,0.4365466237068176,0.3247942924499511,0.264963686466217,0.1665371358394622,0.4365466237068176,0.3247942924499511,0.11175233125686651,0.09842655062675479,0.11175233125686651
201,0.1649074554443359,0.304678201675415,0.1091641038656234,0.1651221364736557,0.1649074554443359,0.304678201675415,-0.13977074623107907,-0.055958032608032296,-0.13977074623107907
202,0.6982060670852661,0.2811005115509033,0.2684460282325744,0.1291467994451522,0.6982060670852661,0.2811005115509033,0.4171055555343628,0.1392992287874222,0.4171055555343628
203,0.1567528247833252,0.1421953439712524,0.0571151487529277,0.1052029579877853,0.1567528247833252,0.1421953439712524,0.014557480812072782,-0.0480878092348576,0.014557480812072782
204,0.2179962396621704,0.1752740740776062,0.1475972831249237,0.1157224178314209,0.2179962396621704,0.1752740740776062,0.04272216558456421,0.03187486529350281,0.04272216558456421
205,0.396680474281311,0.0432770252227783,0.1697672754526138,0.0440583415329456,0.396680474281311,0.0432770252227783,0.35340344905853266,0.1257089339196682,0.35340344905853266
206,0.5904507637023926,0.3701819181442261,0.1538168936967849,0.2751159071922302,0.5904507637023926,0.3701819181442261,0.2202688455581665,-0.12129901349544533,0.2202688455581665
207,0.5671032667160034,0.1883202791213989,0.1041631177067756,0.0582743920385837,0.5671032667160034,0.1883202791213989,0.3787829875946045,0.045888725668191896,0.3787829875946045
208,0.6719516515731812,0.229397177696228,0.1173665970563888,0.093775525689125,0.6719516515731812,0.229397177696228,0.4425544738769531,0.023591071367263794,0.4425544738769531
209,0.2969462871551513,0.5901153087615967,0.2148842364549636,0.2415749132633209,0.2969462871551513,0.5901153087615967,-0.29316902160644537,-0.026690676808357294,-0.29316902160644537
210,0.2773559093475342,0.1776832342147827,0.077552817761898,0.0277651511132717,0.2773559093475342,0.1776832342147827,0.09967267513275149,0.0497876666486263,0.09967267513275149
211,0.4093149900436401,0.2880153656005859,0.1029570698738098,0.2076566517353058,0.4093149900436401,0.2880153656005859,0.1212996244430542,-0.10469958186149599,0.1212996244430542
212,0.5457090139389038,0.2332285642623901,0.0965051501989364,0.0567564629018306,0.5457090139389038,0.2332285642623901,0.31248044967651367,0.03974868729710581,0.31248044967651367
213,0.2107208967208862,0.2290387153625488,0.0861009135842323,0.1318431943655014,0.2107208967208862,0.2290387153625488,-0.018317818641662598,-0.0457422807812691,-0.018317818641662598
214,0.6929836273193359,0.3489279747009277,0.2042913287878036,0.1097308471798896,0.6929836273193359,0.3489279747009277,0.34405565261840826,0.094560481607914,0.34405565261840826
215,0.3788319826126098,0.365497350692749,0.1959786415100097,0.1812185794115066,0.3788319826126098,0.365497350692749,0.013334631919860784,0.014760062098503113,0.013334631919860784
216,0.1896703243255615,0.3566321134567261,0.1101645678281784,0.1927483528852462,0.1896703243255615,0.3566321134567261,-0.16696178913116458,-0.08258378505706779,-0.16696178913116458
217,0.5987504720687866,0.1431044340133667,0.1390563696622848,0.039723202586174,0.5987504720687866,0.1431044340133667,0.4556460380554199,0.0993331670761108,0.4556460380554199
218,0.5357224941253662,0.2395566701889038,0.0747720226645469,0.0320021659135818,0.5357224941253662,0.2395566701889038,0.2961658239364624,0.0427698567509651,0.2961658239364624
219,0.6281728744506836,0.3343952894210815,0.0590694360435009,0.0357245951890945,0.6281728744506836,0.3343952894210815,0.2937775850296021,0.0233448408544064,0.2937775850296021
220,0.3448126316070556,0.1531064510345459,0.0967414528131485,0.0432632826268672,0.3448126316070556,0.1531064510345459,0.1917061805725097,0.0534781701862813,0.1917061805725097
221,0.4042714834213257,0.6693531274795532,0.2494654655456543,0.2827792763710022,0.4042714834213257,0.6693531274795532,-0.26508164405822754,-0.0333138108253479,-0.26508164405822754
222,0.1019580364227294,0.0767779350280761,0.0556150898337364,0.0858698114752769,0.1019580364227294,0.0767779350280761,0.025180101394653293,-0.030254721641540507,0.025180101394653293
223,0.5877436399459839,0.1865506172180175,0.2141565382480621,0.1054592877626419,0.5877436399459839,0.1865506172180175,0.4011930227279664,0.1086972504854202,0.4011930227279664
224,0.1756529808044433,0.3284623622894287,0.1050995737314224,0.1846857368946075,0.1756529808044433,0.3284623622894287,-0.1528093814849854,-0.07958616316318509,-0.1528093814849854
225,0.7024089097976685,0.1293805837631225,0.2191623747348785,0.0753107145428657,0.7024089097976685,0.1293805837631225,0.5730283260345459,0.14385166019201281,0.5730283260345459
226,0.5886602401733398,0.1377828121185302,0.2801216542720794,0.1366941183805465,0.5886602401733398,0.1377828121185302,0.4508774280548097,0.14342753589153293,0.4508774280548097
227,0.2808272838592529,0.1517715454101562,0.0694009885191917,0.102293312549591,0.2808272838592529,0.1517715454101562,0.12905573844909668,-0.032892324030399295,0.12905573844909668
228,1.578371286392212,1.126316785812378,0.2200781106948852,0.1714650392532348,1.578371286392212,1.126316785812378,0.452054500579834,0.04861307144165039,0.452054500579834
229,0.4683007001876831,0.1567833423614502,0.1149360910058021,0.0777528807520866,0.4683007001876831,0.1567833423614502,0.3115173578262329,0.0371832102537155,0.3115173578262329
230,1.5957947969436646,1.2132641077041626,0.208853006362915,0.1618972569704055,1.5957947969436646,1.2132641077041626,0.38253068923950195,0.046955749392509516,0.38253068923950195
231,0.1988575458526611,0.4552633762359619,0.1626696437597274,0.2122339308261871,0.1988575458526611,0.4552633762359619,-0.2564058303833008,-0.04956428706645971,-0.2564058303833008
232,0.5632312297821045,0.060338020324707,0.270379364490509,0.0567211434245109,0.5632312297821045,0.060338020324707,0.5028932094573975,0.21365822106599808,0.5028932094573975
233,0.436869740486145,0.1805044412612915,0.0991504937410354,0.1500484198331833,0.436869740486145,0.1805044412612915,0.2563652992248535,-0.05089792609214788,0.2563652992248535
234,0.5147395133972168,0.21506929397583,0.0916283801198005,0.040656816214323,0.5147395133972168,0.21506929397583,0.29967021942138683,0.050971563905477496,0.29967021942138683
235,0.6503736972808838,0.7731623649597168,0.0854769051074981,0.1069633662700653,0.6503736972808838,0.7731623649597168,-0.12278866767883301,-0.021486461162567194,-0.12278866767883301
236,0.7074048519134521,0.2066848278045654,0.2315282374620437,0.1068324297666549,0.7074048519134521,0.2066848278045654,0.5007200241088867,0.12469580769538881,0.5007200241088867
237,0.1912347078323364,0.3461291790008545,0.125106006860733,0.1836602389812469,0.1912347078323364,0.3461291790008545,-0.1548944711685181,-0.05855423212051389,-0.1548944711685181
238,0.4320635795593261,0.0534003973007202,0.1658609509468078,0.0480728633701801,0.4320635795593261,0.0534003973007202,0.3786631822586059,0.1177880875766277,0.3786631822586059
239,0.1607089042663574,0.45765221118927,0.0728621855378151,0.2337649315595626,0.1607089042663574,0.45765221118927,-0.2969433069229126,-0.1609027460217475,-0.2969433069229126
240,0.622794508934021,0.1591572761535644,0.1556860953569412,0.0551587119698524,0.622794508934021,0.1591572761535644,0.4636372327804566,0.1005273833870888,0.4636372327804566
241,0.8189787864685059,0.4266420602798462,0.0957647413015365,0.0404543839395046,0.8189787864685059,0.4266420602798462,0.39233672618865967,0.0553103573620319,0.39233672618865967
242,0.3492844104766845,0.4247928857803345,0.2404084652662277,0.2557375431060791,0.3492844104766845,0.4247928857803345,-0.07550847530364996,-0.015329077839851407,-0.07550847530364996
243,0.2965254783630371,0.2030956745147705,0.0750140398740768,0.1201768592000007,0.2965254783630371,0.2030956745147705,0.0934298038482666,-0.04516281932592389,0.0934298038482666
244,0.3232598304748535,0.5561249256134033,0.144803375005722,0.2271147072315216,0.3232598304748535,0.5561249256134033,-0.2328650951385498,-0.08231133222579962,-0.2328650951385498
245,0.3332557678222656,0.392458438873291,0.1613699793815612,0.1936451643705368,0.3332557678222656,0.392458438873291,-0.05920267105102539,-0.03227518498897561,-0.05920267105102539
246,0.783937931060791,0.1100704669952392,0.3076823353767395,0.1065443158149719,0.783937931060791,0.1100704669952392,0.6738674640655518,0.2011380195617676,0.6738674640655518
247,0.6773213148117065,0.1913821697235107,0.1826954931020736,0.0629349797964096,0.6773213148117065,0.1913821697235107,0.48593914508819586,0.11976051330566398,0.48593914508819586
248,0.2883201837539673,0.4676400423049927,0.2058372497558593,0.231700986623764,0.2883201837539673,0.4676400423049927,-0.1793198585510254,-0.02586373686790472,-0.1793198585510254
249,0.1650301218032837,0.1685218811035156,0.0546852834522724,0.1181162595748901,0.1650301218032837,0.1685218811035156,-0.003491759300231906,-0.0634309761226177,-0.003491759300231906
250,0.2718192338943481,0.5021849870681763,0.1808729618787765,0.2407091557979583,0.2718192338943481,0.5021849870681763,-0.23036575317382818,-0.059836193919181796,-0.23036575317382818
251,0.2547695636749267,0.037671685218811,0.1808838844299316,0.0357670970261096,0.2547695636749267,0.037671685218811,0.2170978784561157,0.145116787403822,0.2170978784561157
252,0.2875128984451294,0.180679440498352,0.1122393608093261,0.0511095821857452,0.2875128984451294,0.180679440498352,0.1068334579467774,0.061129778623580905,0.1068334579467774
253,0.8166983127593994,0.2217744588851928,0.1948505491018295,0.0918958783149719,0.8166983127593994,0.2217744588851928,0.5949238538742067,0.1029546707868576,0.5949238538742067
254,0.4551514387130737,0.2852042913436889,0.146606296300888,0.247981309890747,0.4551514387130737,0.2852042913436889,0.16994714736938477,-0.10137501358985898,0.16994714736938477
255,0.3814294338226318,0.2055327892303466,0.0983827337622642,0.0483378469944,0.3814294338226318,0.2055327892303466,0.17589664459228518,0.0500448867678642,0.17589664459228518
256,0.1480979919433593,0.1223278045654296,0.0533979423344135,0.0884635895490646,0.1480979919433593,0.1223278045654296,0.025770187377929688,-0.035065647214651094,0.025770187377929688
257,0.3124758005142212,0.1570743322372436,0.1166575700044632,0.0870581567287445,0.3124758005142212,0.1570743322372436,0.1554014682769776,0.02959941327571869,0.1554014682769776
258,1.5781731605529783,0.990962028503418,0.2386410981416702,0.1873947829008102,1.5781731605529783,0.990962028503418,0.5872111320495603,0.05124631524086001,0.5872111320495603
259,0.4768354892730713,0.2641192674636841,0.1019704863429069,0.2020357996225357,0.4768354892730713,0.2641192674636841,0.2127162218093872,-0.10006531327962881,0.2127162218093872
260,0.1884657144546508,0.2824333906173706,0.1461500227451324,0.1842212975025177,0.1884657144546508,0.2824333906173706,-0.09396767616271981,-0.03807127475738531,-0.09396767616271981
261,0.3158702850341797,0.5514625310897827,0.2071823626756668,0.2579104900360107,0.3158702850341797,0.5514625310897827,-0.23559224605560303,-0.05072812736034388,-0.23559224605560303
262,0.2632818222045898,0.0776443481445312,0.1712556928396225,0.0849725604057312,0.2632818222045898,0.0776443481445312,0.1856374740600586,0.0862831324338913,0.1856374740600586
263,0.3419185876846313,0.606640100479126,0.2316803932189941,0.2737156748771667,0.3419185876846313,0.606640100479126,-0.2647215127944947,-0.04203528165817258,-0.2647215127944947
264,0.243830919265747,0.2964285612106323,0.1553255468606948,0.1595920175313949,0.243830919265747,0.2964285612106323,-0.05259764194488534,-0.004266470670700101,-0.05259764194488534
265,0.2213394045829773,0.1188867092132568,0.1065477132797241,0.0814990773797035,0.2213394045829773,0.1188867092132568,0.1024526953697205,0.0250486359000206,0.1024526953697205
266,0.6591179370880127,0.1918296813964843,0.1755961179733276,0.0881627574563026,0.6591179370880127,0.1918296813964843,0.46728825569152843,0.08743336051702501,0.46728825569152843
267,0.5637812614440918,0.0901150703430175,0.1869912445545196,0.062558576464653,0.5637812614440918,0.0901150703430175,0.47366619110107433,0.1244326680898666,0.47366619110107433
268,0.4505789279937744,0.808469295501709,0.2801455855369568,0.323999673128128,0.4505789279937744,0.808469295501709,-0.35789036750793457,-0.04385408759117121,-0.35789036750793457
269,0.3352882862091064,0.4685766696929931,0.1399420499801635,0.1697929799556732,0.3352882862091064,0.4685766696929931,-0.13328838348388672,-0.0298509299755097,-0.13328838348388672
270,0.2285201549530029,0.0596662759780883,0.1105996593832969,0.0375041775405406,0.2285201549530029,0.0596662759780883,0.1688538789749146,0.0730954818427563,0.1688538789749146
271,0.5351535081863403,0.5359610319137573,0.2625623047351837,0.2408543080091476,0.5351535081863403,0.5359610319137573,-0.0008075237274169922,0.021707996726036127,-0.0008075237274169922
272,0.2740519046783447,0.5993297100067139,0.1374383568763733,0.2359947711229324,0.2740519046783447,0.5993297100067139,-0.32527780532836914,-0.09855641424655912,-0.32527780532836914
273,0.3092563152313232,0.0501587390899658,0.132225900888443,0.0454151406884193,0.3092563152313232,0.0501587390899658,0.25909757614135737,0.08681076020002369,0.25909757614135737
274,0.3085136413574219,0.0339069366455078,0.1655621826648712,0.0390144065022468,0.3085136413574219,0.0339069366455078,0.27460670471191406,0.1265477761626244,0.27460670471191406
275,0.1585687398910522,0.184348464012146,0.0675830692052841,0.1192303448915481,0.1585687398910522,0.184348464012146,-0.025779724121093806,-0.051647275686263996,-0.025779724121093806
276,0.3297797441482544,0.4746047258377075,0.2104504555463791,0.2240349948406219,0.3297797441482544,0.4746047258377075,-0.14482498168945312,-0.013584539294242803,-0.14482498168945312
277,0.8722560405731201,0.511324405670166,0.2236364185810089,0.3219508230686188,0.8722560405731201,0.511324405670166,0.3609316349029541,-0.09831440448760986,0.3609316349029541
278,0.2593934535980224,0.3311532735824585,0.1635328829288482,0.1721021682024002,0.2593934535980224,0.3311532735824585,-0.07175981998443609,-0.008569285273551996,-0.07175981998443609
279,0.5181516408920288,0.1439278125762939,0.1995300203561782,0.098335176706314,0.5181516408920288,0.1439278125762939,0.3742238283157349,0.1011948436498642,0.3742238283157349
280,0.464084267616272,0.5181913375854492,0.1951758116483688,0.1944946944713592,0.464084267616272,0.5181913375854492,-0.054107069969177246,0.0006811171770096103,-0.054107069969177246
281,0.2067593336105346,0.1330161690711975,0.1217278018593788,0.0954580903053283,0.2067593336105346,0.1330161690711975,0.0737431645393371,0.0262697115540505,0.0737431645393371
282,0.3135721683502197,0.5824543237686157,0.1402292549610138,0.2136901319026947,0.3135721683502197,0.5824543237686157,-0.268882155418396,-0.07346087694168091,-0.268882155418396
283,0.1523541212081909,0.2091789245605468,0.0859038978815078,0.1416959464550018,0.1523541212081909,0.2091789245605468,-0.0568248033523559,-0.055792048573494,-0.0568248033523559
284,0.5919679403305054,0.3008455038070678,0.2690154314041137,0.1306120455265045,0.5919679403305054,0.3008455038070678,0.29112243652343756,0.13840338587760923,0.29112243652343756
285,0.3163293600082397,0.150063157081604,0.1101112365722656,0.0779077783226966,0.3163293600082397,0.150063157081604,0.1662662029266357,0.032203458249568995,0.1662662029266357
286,0.5281002521514893,0.178691029548645,0.0881435573101043,0.0244839265942573,0.5281002521514893,0.178691029548645,0.34940922260284424,0.063659630715847,0.34940922260284424
287,0.3479784727096557,0.4660981893539428,0.2204255312681198,0.2416849136352539,0.3479784727096557,0.4660981893539428,-0.11811971664428711,-0.021259382367134094,-0.11811971664428711
288,0.2113130092620849,0.2447768449783325,0.1395776718854904,0.1579498201608657,0.2113130092620849,0.2447768449783325,-0.033463835716247586,-0.01837214827537531,-0.033463835716247586
289,0.3485345840454101,0.1991338729858398,0.1212973371148109,0.0552687346935272,0.3485345840454101,0.1991338729858398,0.1494007110595703,0.0660286024212837,0.1494007110595703
290,0.0941629409790039,0.0736643075942993,0.0352854840457439,0.0724541991949081,0.0941629409790039,0.0736643075942993,0.020498633384704604,-0.0371687151491642,0.020498633384704604
291,0.3215165138244629,0.6086788177490234,0.2255085706710815,0.2642278671264648,0.3215165138244629,0.6086788177490234,-0.28716230392456055,-0.0387192964553833,-0.28716230392456055
292,0.633084774017334,0.16404390335083,0.240537017583847,0.1210919469594955,0.633084774017334,0.16404390335083,0.469040870666504,0.11944507062435149,0.469040870666504
293,0.2685614824295044,0.1980454921722412,0.0857531130313873,0.0589930415153503,0.2685614824295044,0.1980454921722412,0.07051599025726318,0.026760071516037,0.07051599025726318
294,0.5139849185943604,0.6730577945709229,0.2896154522895813,0.2750453054904938,0.5139849185943604,0.6730577945709229,-0.1590728759765625,0.014570146799087524,-0.1590728759765625
295,0.2408024072647094,0.4792654514312744,0.1854625195264816,0.2466413229703903,0.2408024072647094,0.4792654514312744,-0.23846304416656502,-0.06117880344390869,-0.23846304416656502
296,0.7557754516601562,0.4237546920776367,0.1818385422229766,0.2996346056461334,0.7557754516601562,0.4237546920776367,0.33202075958251953,-0.11779606342315682,0.33202075958251953
297,0.7017476558685303,0.2304481267929077,0.1170287802815437,0.0450163409113884,0.7017476558685303,0.2304481267929077,0.47129952907562256,0.0720124393701553,0.47129952907562256
298,0.4076347351074219,0.3847072124481201,0.1936531364917755,0.1843519359827041,0.4076347351074219,0.3847072124481201,0.022927522659301758,0.009301200509071406,0.022927522659301758
299,0.6922817230224609,0.5395282506942749,0.0918131545186042,0.1063698381185531,0.6922817230224609,0.5395282506942749,0.15275347232818604,-0.01455668359994891,0.15275347232818604
300,0.7277684211730957,0.2740843296051025,0.2873876690864563,0.1306817531585693,0.7277684211730957,0.2740843296051025,0.4536840915679932,0.156705915927887,0.4536840915679932
301,1.807403802871704,1.1196515560150146,0.242092490196228,0.1906764060258865,1.807403802871704,1.1196515560150146,0.6877522468566895,0.05141608417034149,0.6877522468566895
302,0.2729189395904541,0.2039897441864013,0.1766380816698074,0.1005598306655883,0.2729189395904541,0.2039897441864013,0.06892919540405279,0.07607825100421911,0.06892919540405279
303,1.7195769548416138,1.0945650339126587,0.2333912104368209,0.1873098015785217,1.7195769548416138,1.0945650339126587,0.6250119209289551,0.0460814088582992,0.6250119209289551
304,0.6582647562026978,0.2972491979598999,0.0903203561902046,0.0394236519932746,0.6582647562026978,0.2972491979598999,0.36101555824279785,0.05089670419693001,0.36101555824279785
305,0.2877837419509887,0.1175991296768188,0.1982582360506057,0.0632601976394653,0.2877837419509887,0.1175991296768188,0.17018461227416992,0.1349980384111404,0.17018461227416992
306,0.2953907251358032,0.6497253179550171,0.2174160480499267,0.2704764008522033,0.2953907251358032,0.6497253179550171,-0.35433459281921387,-0.05306035280227661,-0.35433459281921387
307,0.7540934085845947,0.2300577163696289,0.2712809443473816,0.1131602153182029,0.7540934085845947,0.2300577163696289,0.5240356922149658,0.15812072902917867,0.5240356922149658
308,0.1478283405303955,0.1450967788696289,0.0492489859461784,0.1076868027448654,0.1478283405303955,0.1450967788696289,0.0027315616607666016,-0.058437816798687,0.0027315616607666016
309,0.5368332862854004,0.2062273025512695,0.2571282982826233,0.0913351625204086,0.5368332862854004,0.2062273025512695,0.33060598373413086,0.1657931357622147,0.33060598373413086
310,0.4703041315078735,0.0760930776596069,0.100572757422924,0.0181538946926593,0.4703041315078735,0.0760930776596069,0.3942110538482666,0.08241886273026469,0.3942110538482666
311,0.217960238456726,0.0409681797027587,0.0571506544947624,0.0073051089420914,0.217960238456726,0.0409681797027587,0.17699205875396729,0.049845545552671,0.17699205875396729
312,0.5188366174697876,0.1675602197647094,0.102831445634365,0.046182420104742,0.5188366174697876,0.1675602197647094,0.35127639770507824,0.056649025529623,0.35127639770507824
313,0.3437068462371826,0.2757884263992309,0.1718687564134597,0.1456958800554275,0.3437068462371826,0.2757884263992309,0.06791841983795172,0.0261728763580322,0.06791841983795172
314,0.6025736331939697,0.2492742538452148,0.262870728969574,0.1151731982827186,0.6025736331939697,0.2492742538452148,0.35329937934875494,0.14769753068685537,0.35329937934875494
315,0.3852336406707763,0.6670317649841309,0.1959675848484039,0.247138112783432,0.3852336406707763,0.6670317649841309,-0.28179812431335455,-0.051170527935028104,-0.28179812431335455
316,0.4945613145828247,0.764079213142395,0.295245498418808,0.3143012523651123,0.4945613145828247,0.764079213142395,-0.2695178985595703,-0.01905575394630432,-0.2695178985595703
317,0.2929537296295166,0.6365500688552856,0.2121503055095672,0.2632250785827636,0.2929537296295166,0.6365500688552856,-0.34359633922576904,-0.05107477307319641,-0.34359633922576904
318,0.3924891948699951,0.1037625074386596,0.1051926985383033,0.0297316350042819,0.3924891948699951,0.1037625074386596,0.2887266874313355,0.0754610635340214,0.2887266874313355
319,0.525344729423523,0.640039324760437,0.0861665308475494,0.1081923022866249,0.525344729423523,0.640039324760437,-0.11469459533691406,-0.022025771439075498,-0.11469459533691406
320,0.6543314456939697,0.083783745765686,0.3090178966522217,0.0397026613354682,0.6543314456939697,0.083783745765686,0.5705476999282837,0.2693152353167535,0.5705476999282837
321,0.1300253868103027,0.1578115224838256,0.0502660572528839,0.122241698205471,0.1300253868103027,0.1578115224838256,-0.027786135673522894,-0.0719756409525871,-0.027786135673522894
322,0.379224419593811,0.0908602476119995,0.1954556107521057,0.0532352700829505,0.379224419593811,0.0908602476119995,0.28836417198181147,0.1422203406691552,0.28836417198181147
323,0.1737076044082641,0.1142239570617675,0.0620071776211261,0.0863755717873573,0.1737076044082641,0.1142239570617675,0.05948364734649661,-0.024368394166231204,0.05948364734649661
324,0.8685160875320435,0.0920116901397705,0.2062117308378219,0.042175855487585,0.8685160875320435,0.0920116901397705,0.776504397392273,0.1640358753502369,0.776504397392273
325,0.4782291650772095,0.0577902793884277,0.1875533163547516,0.0483691617846488,0.4782291650772095,0.0577902793884277,0.4204388856887818,0.1391841545701028,0.4204388856887818
326,0.2001670598983764,0.300800085067749,0.0635095089673996,0.1904712617397308,0.2001670598983764,0.300800085067749,-0.10063302516937261,-0.1269617527723312,-0.10063302516937261
327,0.7324938774108887,0.1903181076049804,0.1837389469146728,0.0799098163843154,0.7324938774108887,0.1903181076049804,0.5421757698059082,0.1038291305303574,0.5421757698059082
328,0.8383215665817261,0.2511886358261108,0.2575066089630127,0.1232510581612587,0.8383215665817261,0.2511886358261108,0.5871329307556152,0.134255550801754,0.5871329307556152
329,0.5356181859970093,0.2952128648757934,0.2877880930900574,0.1329234689474105,0.5356181859970093,0.2952128648757934,0.24040532112121588,0.15486462414264687,0.24040532112121588
330,0.4126977920532226,0.6473128795623779,0.1695527136325836,0.2477041780948639,0.4126977920532226,0.6473128795623779,-0.23461508750915533,-0.0781514644622803,-0.23461508750915533
331,0.2506157159805298,0.0450510382652282,0.0629457756876945,0.0143262781202793,0.2506157159805298,0.0450510382652282,0.20556467771530157,0.048619497567415196,0.20556467771530157
332,0.5163724422454834,0.6455388069152832,0.2866206169128418,0.2974977493286133,0.5163724422454834,0.6455388069152832,-0.1291663646697998,-0.010877132415771484,-0.1291663646697998
333,0.393244981765747,0.1461310386657714,0.240323469042778,0.0821715369820594,0.393244981765747,0.1461310386657714,0.2471139430999756,0.1581519320607186,0.2471139430999756
334,0.1692020893096923,0.171078085899353,0.0845976322889328,0.1138715967535972,0.1692020893096923,0.171078085899353,-0.0018759965896607,-0.029273964464664404,-0.0018759965896607
335,0.1675784587860107,0.2696447372436523,0.118370808660984,0.15857994556427,0.1675784587860107,0.2696447372436523,-0.1020662784576416,-0.040209136903285994,-0.1020662784576416
336,0.2528805732727051,0.0429581403732299,0.1066357865929603,0.0353927947580814,0.2528805732727051,0.0429581403732299,0.20992243289947518,0.0712429918348789,0.20992243289947518
337,0.3243907690048218,0.1000360250473022,0.1672737449407577,0.0948588103055954,0.3243907690048218,0.1000360250473022,0.2243547439575196,0.0724149346351623,0.2243547439575196
338,0.3729044198989868,0.3243042230606079,0.2061750143766403,0.1715634316205978,0.3729044198989868,0.3243042230606079,0.048600196838378906,0.03461158275604248,0.048600196838378906
339,0.2597037553787231,0.1632072925567627,0.1290831267833709,0.1048477441072464,0.2597037553787231,0.1632072925567627,0.0964964628219604,0.02423538267612449,0.0964964628219604
340,0.1927008628845214,0.0589128732681274,0.1689103245735168,0.0449904575943946,0.1927008628845214,0.0589128732681274,0.133787989616394,0.12391986697912219,0.133787989616394
341,0.676094651222229,0.0842773914337158,0.2904708385467529,0.0805286541581153,0.676094651222229,0.0842773914337158,0.5918172597885132,0.20994218438863757,0.5918172597885132
342,0.6188894510269165,0.2223761081695556,0.100315898656845,0.0393159054219722,0.6188894510269165,0.2223761081695556,0.3965133428573609,0.0609999932348728,0.3965133428573609
343,0.498945951461792,0.556830644607544,0.096844732761383,0.1090649142861366,0.498945951461792,0.556830644607544,-0.05788469314575195,-0.012220181524753598,-0.05788469314575195
344,0.7410577535629272,0.1776050329208374,0.1634161174297332,0.072295032441616,0.7410577535629272,0.1776050329208374,0.5634527206420898,0.09112108498811719,0.5634527206420898
345,0.2854459285736084,0.231929063796997,0.0832399278879165,0.1357191056013107,0.2854459285736084,0.231929063796997,0.05351686477661141,-0.05247917771339421,0.05351686477661141
346,0.3229631185531616,0.3067255020141601,0.1892550438642501,0.1641010791063308,0.3229631185531616,0.3067255020141601,0.01623761653900152,0.02515396475791931,0.01623761653900152
347,0.5946786403656006,0.6634671688079834,0.0848963037133216,0.0925844684243202,0.5946786403656006,0.6634671688079834,-0.06878852844238281,-0.007688164710998591,-0.06878852844238281
348,0.6751478910446167,0.2917090654373169,0.0811217725276947,0.0585196539759635,0.6751478910446167,0.2917090654373169,0.3834388256072998,0.0226021185517312,0.3834388256072998
349,0.1278219223022461,0.2179770469665527,0.0694120377302169,0.1449360251426696,0.1278219223022461,0.2179770469665527,-0.09015512466430661,-0.0755239874124527,-0.09015512466430661
350,0.3272416591644287,0.6722449064254761,0.0748812779784202,0.0981168672442436,0.3272416591644287,0.6722449064254761,-0.34500324726104736,-0.023235589265823392,-0.34500324726104736
351,0.3920159339904785,0.3027832508087158,0.1527369320392608,0.2631630003452301,0.3920159339904785,0.3027832508087158,0.0892326831817627,-0.1104260683059693,0.0892326831817627
352,0.7427194118499756,0.1220886707305908,0.3163827359676361,0.0641869157552719,0.7427194118499756,0.1220886707305908,0.6206307411193848,0.2521958202123642,0.6206307411193848
353,0.4272878170013428,0.2181782722473144,0.1673746854066848,0.0968553349375724,0.4272878170013428,0.2181782722473144,0.20910954475402838,0.0705193504691124,0.20910954475402838
354,0.5913964509963989,0.3851133584976196,0.1896888017654419,0.3011195957660675,0.5913964509963989,0.3851133584976196,0.20628309249877935,-0.11143079400062561,0.20628309249877935
355,1.3256512880325315,0.8512784242630005,0.2095945626497268,0.1617665588855743,1.3256512880325315,0.8512784242630005,0.47437286376953103,0.0478280037641525,0.47437286376953103
356,0.3531974554061889,0.7148938179016113,0.2307051718235016,0.2892604470252991,0.3531974554061889,0.7148938179016113,-0.3616963624954224,-0.058555275201797485,-0.3616963624954224
357,0.2165757417678833,0.175150990486145,0.1076280251145362,0.1223874315619468,0.2165757417678833,0.175150990486145,0.04142475128173831,-0.014759406447410597,0.04142475128173831
358,1.5670859813690186,1.0254120826721191,0.2325273901224136,0.187049463391304,1.5670859813690186,1.0254120826721191,0.5416738986968994,0.04547792673110962,0.5416738986968994
359,0.4728963375091553,0.118301510810852,0.1458587944507599,0.0662671327590942,0.4728963375091553,0.118301510810852,0.3545948266983033,0.07959166169166569,0.3545948266983033
360,0.3604036271572113,0.4849821627140045,0.2029653042554855,0.178309291601181,0.3604036271572113,0.4849821627140045,-0.12457853555679321,0.024656012654304504,-0.12457853555679321
361,0.472697377204895,0.349299669265747,0.2360688149929046,0.182980328798294,0.472697377204895,0.349299669265747,0.123397707939148,0.053088486194610596,0.123397707939148
362,0.3549726009368896,0.6578636169433594,0.2256026715040207,0.261678397655487,0.3549726009368896,0.6578636169433594,-0.3028910160064698,-0.036075726151466314,-0.3028910160064698
363,1.91205096244812,1.1031811237335205,0.2437861412763595,0.1922969818115234,1.91205096244812,1.1031811237335205,0.8088698387145994,0.05148915946483609,0.8088698387145994
364,0.6059948205947876,0.3399717807769775,0.1796627044677734,0.1058956980705261,0.6059948205947876,0.3399717807769775,0.2660230398178101,0.07376700639724731,0.2660230398178101
365,0.817880392074585,0.2759305238723755,0.3220275938510895,0.1414822489023208,0.817880392074585,0.2759305238723755,0.5419498682022095,0.18054534494876867,0.5419498682022095
366,0.4129573106765747,0.6041272878646851,0.1822958588600158,0.2316677570343017,0.4129573106765747,0.6041272878646851,-0.19116997718811035,-0.04937189817428589,-0.19116997718811035
367,0.4725005626678467,0.111255407333374,0.1777624785900116,0.0780583545565605,0.4725005626678467,0.111255407333374,0.36124515533447266,0.0997041240334511,0.36124515533447266
368,0.480325698852539,0.1011043787002563,0.2512038648128509,0.0522535629570484,0.480325698852539,0.1011043787002563,0.3792213201522827,0.19895030185580248,0.3792213201522827
369,0.1596760153770446,0.1854822635650634,0.1077250242233276,0.1174589544534683,0.1596760153770446,0.1854822635650634,-0.0258062481880188,-0.0097339302301407,-0.0258062481880188
370,0.8206559419631958,0.2163968086242675,0.2805297672748565,0.1114633455872535,0.8206559419631958,0.2163968086242675,0.6042591333389283,0.169066421687603,0.6042591333389283
371,0.4075850248336792,0.1519122123718261,0.0738585144281387,0.0366960614919662,0.4075850248336792,0.1519122123718261,0.25567281246185314,0.037162452936172506,0.25567281246185314
372,0.5056304931640625,0.0477479696273803,0.2494259774684906,0.050377357751131,0.5056304931640625,0.0477479696273803,0.4578825235366822,0.1990486197173596,0.4578825235366822
373,0.4336100816726684,0.2847577333450317,0.1306245476007461,0.2243566513061523,0.4336100816726684,0.2847577333450317,0.14885234832763672,-0.09373210370540619,0.14885234832763672
374,0.1641602516174316,0.3083130121231079,0.1136319413781166,0.1730984300374984,0.1641602516174316,0.3083130121231079,-0.1441527605056763,-0.0594664886593818,-0.1441527605056763
375,0.605358362197876,0.2074030637741089,0.0956005156040191,0.0283159222453832,0.605358362197876,0.2074030637741089,0.3979552984237671,0.0672845933586359,0.3979552984237671
376,0.6402751207351685,0.6648954153060913,0.0996089205145835,0.0870624184608459,0.6402751207351685,0.6648954153060913,-0.02462029457092285,0.012546502053737599,-0.02462029457092285
377,0.1115878820419311,0.1281858682632446,0.045655284076929,0.1031951084733009,0.1115878820419311,0.1281858682632446,-0.016597986221313504,-0.057539824396371904,-0.016597986221313504
378,0.5024611949920654,0.1111618280410766,0.1793670356273651,0.0798372626304626,0.5024611949920654,0.1111618280410766,0.3912993669509888,0.09952977299690251,0.3912993669509888
379,0.6158956289291382,0.201269268989563,0.1167754232883453,0.0476500913500785,0.6158956289291382,0.201269268989563,0.4146263599395752,0.0691253319382668,0.4146263599395752
380,0.5352890491485596,0.1178123950958252,0.1697818338871002,0.0684902742505073,0.5352890491485596,0.1178123950958252,0.4174766540527344,0.10129155963659289,0.4174766540527344
381,0.5764448046684265,0.1006948351860046,0.2035316526889801,0.0795256048440933,0.5764448046684265,0.1006948351860046,0.47574996948242193,0.12400604784488681,0.47574996948242193
382,0.939838409423828,0.1793134212493896,0.3551215529441833,0.0772720575332641,0.939838409423828,0.1793134212493896,0.7605249881744385,0.2778494954109192,0.7605249881744385
383,0.3035949468612671,0.086122989654541,0.1910940259695053,0.0797311812639236,0.3035949468612671,0.086122989654541,0.21747195720672607,0.1113628447055817,0.21747195720672607
384,0.5852843523025513,0.1157574653625488,0.1970663964748382,0.0806087851524353,0.5852843523025513,0.1157574653625488,0.46952688694000244,0.1164576113224029,0.46952688694000244
385,0.1540006399154663,0.3402528762817383,0.0746033936738967,0.1829698979854583,0.1540006399154663,0.3402528762817383,-0.18625223636627197,-0.10836650431156158,-0.18625223636627197
386,0.4574339389801025,0.2440749406814575,0.1166499033570289,0.230835348367691,0.4574339389801025,0.2440749406814575,0.213358998298645,-0.1141854450106621,0.213358998298645
387,0.2973976135253906,0.1709446907043457,0.188273936510086,0.1339157074689865,0.2973976135253906,0.1709446907043457,0.12645292282104492,0.05435822904109949,0.12645292282104492
388,0.3548389673233032,0.5714205503463745,0.2330978810787201,0.2591507732868194,0.3548389673233032,0.5714205503463745,-0.2165815830230713,-0.02605289220809931,-0.2165815830230713
389,0.6368322372436523,0.1962989568710327,0.1343335658311844,0.0965348333120346,0.6368322372436523,0.1962989568710327,0.44053328037261963,0.03779873251914978,0.44053328037261963
390,0.2850539684295654,0.3348753452301025,0.1782107502222061,0.1785546839237213,0.2850539684295654,0.3348753452301025,-0.04982137680053711,-0.0003439337015152255,-0.04982137680053711
391,0.3798122406005859,0.2397867441177368,0.114773653447628,0.1643291860818863,0.3798122406005859,0.2397867441177368,0.1400254964828491,-0.0495555326342583,0.1400254964828491
392,0.364088773727417,0.3438229560852051,0.2007359564304351,0.1757761538028717,0.364088773727417,0.3438229560852051,0.020265817642211914,0.024959802627563393,0.020265817642211914
393,0.1641812324523925,0.4205495119094848,0.124638058245182,0.2091305255889892,0.1641812324523925,0.4205495119094848,-0.2563682794570923,-0.0844924673438072,-0.2563682794570923
394,0.3216011524200439,0.2697066068649292,0.1799975633621215,0.1562631726264953,0.3216011524200439,0.2697066068649292,0.05189454555511469,0.023734390735626193,0.05189454555511469
395,0.5911026000976562,0.7401378154754639,0.0765302255749702,0.1123473718762397,0.5911026000976562,0.7401378154754639,-0.14903521537780762,-0.03581714630126949,-0.14903521537780762
396,0.5711562633514404,0.2074182033538818,0.1218414455652237,0.1079862639307975,0.5711562633514404,0.2074182033538818,0.3637380599975586,0.0138551816344262,0.3637380599975586
397,0.4703258275985718,0.0552020072937011,0.2504847645759582,0.0768958702683448,0.4703258275985718,0.0552020072937011,0.41512382030487066,0.1735888943076134,0.41512382030487066
398,0.7493144273757935,0.208560824394226,0.1815049946308136,0.0922602340579032,0.7493144273757935,0.208560824394226,0.5407536029815675,0.08924476057291039,0.5407536029815675
399,0.1674898564815521,0.27326700091362,0.1350290477275848,0.1383736878633499,0.1674898564815521,0.27326700091362,-0.1057771444320679,-0.0033446401357650757,-0.1057771444320679
400,0.1852420568466186,0.1827661991119384,0.1325146108865738,0.1443453431129455,0.1852420568466186,0.1827661991119384,0.0024758577346802035,-0.01183073222637171,0.0024758577346802035
401,0.7148399353027344,0.3089529275894165,0.262686550617218,0.1286373436450958,0.7148399353027344,0.3089529275894165,0.40588700771331787,0.13404920697212222,0.40588700771331787
402,0.52095627784729,0.1151199340820312,0.2800869345664978,0.0464864261448383,0.52095627784729,0.1151199340820312,0.40583634376525884,0.2336005084216595,0.40583634376525884
403,1.87056577205658,1.0044041872024536,0.2414394468069076,0.1864305287599563,1.87056577205658,1.0044041872024536,0.8661615848541264,0.055008918046951294,0.8661615848541264
404,0.3122146129608154,0.5340778827667236,0.1513091772794723,0.2176415920257568,0.3122146129608154,0.5340778827667236,-0.22186326980590826,-0.06633241474628451,-0.22186326980590826
405,0.2674509286880493,0.1581896543502807,0.1693477928638458,0.1170666068792343,0.2674509286880493,0.1581896543502807,0.10926127433776861,0.0522811859846115,0.10926127433776861
406,0.4407206773757934,0.1146771907806396,0.2435594797134399,0.0984064862132072,0.4407206773757934,0.1146771907806396,0.3260434865951538,0.1451529935002327,0.3260434865951538
407,0.5745922327041626,0.0701266527175903,0.2546080946922302,0.0752897933125495,0.5745922327041626,0.0701266527175903,0.5044655799865723,0.17931830137968074,0.5044655799865723
408,0.4972987174987793,0.1100703477859497,0.2572789788246155,0.053000833839178,0.4972987174987793,0.1100703477859497,0.3872283697128296,0.20427814498543748,0.3872283697128296
409,0.5126296281814575,0.7544726133346558,0.2300518006086349,0.2698946595191955,0.5126296281814575,0.7544726133346558,-0.24184298515319824,-0.03984285891056061,-0.24184298515319824
410,0.4686444997787475,0.313730239868164,0.158346489071846,0.0935408696532249,0.4686444997787475,0.313730239868164,0.1549142599105835,0.0648056194186211,0.1549142599105835
411,0.1875815391540527,0.0792135000228881,0.1572414636611938,0.0541271194815635,0.1875815391540527,0.0792135000228881,0.1083680391311646,0.1031143441796303,0.1083680391311646
412,0.2787611484527588,0.0317804813385009,0.070331186056137,0.0111318556591868,0.2787611484527588,0.0317804813385009,0.2469806671142579,0.0591993303969502,0.2469806671142579
413,0.4240665435791015,0.2599880695343017,0.1273586004972458,0.0525171868503093,0.4240665435791015,0.2599880695343017,0.1640784740447998,0.07484141364693649,0.1640784740447998
414,0.2097346782684326,0.2183840274810791,0.1585254371166229,0.1689285635948181,0.2097346782684326,0.2183840274810791,-0.008649349212646512,-0.01040312647819519,-0.008649349212646512
415,0.3651506900787353,0.5959683656692505,0.1556604653596878,0.2177987843751907,0.3651506900787353,0.5959683656692505,-0.2308176755905152,-0.0621383190155029,-0.2308176755905152
416,0.6816134452819824,0.1504297256469726,0.223457857966423,0.1007077246904373,0.6816134452819824,0.1504297256469726,0.5311837196350098,0.1227501332759857,0.5311837196350098
417,0.2988088130950928,0.0837140083312988,0.0723855197429657,0.0172839555889368,0.2988088130950928,0.0837140083312988,0.21509480476379397,0.0551015641540289,0.21509480476379397
418,0.552266001701355,0.636719822883606,0.0970486924052238,0.0936684980988502,0.552266001701355,0.636719822883606,-0.08445382118225098,0.00338019430637361,-0.08445382118225098
419,0.3733925819396972,0.5528557300567627,0.208404541015625,0.225913718342781,0.3733925819396972,0.5528557300567627,-0.17946314811706549,-0.01750917732715601,-0.17946314811706549
420,0.4989075660705566,0.2841272354125976,0.1609712839126587,0.2480575144290924,0.4989075660705566,0.2841272354125976,0.21478033065795898,-0.08708623051643372,0.21478033065795898
421,0.4455609321594238,0.3311479091644287,0.1319724470376968,0.2534391582012176,0.4455609321594238,0.3311479091644287,0.11441302299499506,-0.12146671116352079,0.11441302299499506
422,0.220409870147705,0.4946833848953247,0.1706129610538482,0.2402926981449127,0.220409870147705,0.4946833848953247,-0.27427351474761974,-0.06967973709106448,-0.27427351474761974
423,0.4263348579406738,0.1082569360733032,0.1703882962465286,0.0629647523164749,0.4263348579406738,0.1082569360733032,0.3180779218673706,0.1074235439300537,0.3180779218673706
424,0.4172737598419189,0.2372971773147583,0.0925470069050788,0.1590751558542251,0.4172737598419189,0.2372971773147583,0.1799765825271606,-0.0665281489491463,0.1799765825271606
425,0.7125644683837891,0.4218605756759643,0.1957338899374008,0.0929890647530555,0.7125644683837891,0.4218605756759643,0.29070389270782476,0.10274482518434529,0.29070389270782476
426,0.1272404193878173,0.2630445957183838,0.0785453170537948,0.1454861313104629,0.1272404193878173,0.2630445957183838,-0.1358041763305665,-0.06694081425666809,-0.1358041763305665
427,0.1509158611297607,0.1445983648300171,0.0522683970630168,0.1068894639611244,0.1509158611297607,0.1445983648300171,0.006317496299743597,-0.054621066898107605,0.006317496299743597
428,0.4366730451583862,0.1213473081588745,0.1759163737297058,0.0974799245595932,0.4366730451583862,0.1213473081588745,0.31532573699951166,0.07843644917011261,0.31532573699951166
429,0.2060997486114502,0.2878783941268921,0.1258289068937301,0.1710293740034103,0.2060997486114502,0.2878783941268921,-0.0817786455154419,-0.045200467109680204,-0.0817786455154419
430,0.1357390880584716,0.1248573064804077,0.0550131313502788,0.0908851027488708,0.1357390880584716,0.1248573064804077,0.010881781578063895,-0.035871971398591995,0.010881781578063895
431,0.3019454479217529,0.1647541522979736,0.0816347077488899,0.1184976920485496,0.3019454479217529,0.1647541522979736,0.13719129562377927,-0.0368629842996597,0.13719129562377927
432,0.4992316961288452,0.3619047403335571,0.1322580724954605,0.067240335047245,0.4992316961288452,0.3619047403335571,0.13732695579528814,0.06501773744821551,0.13732695579528814
433,0.5035736560821533,0.0746079683303833,0.2583112418651581,0.0738576650619506,0.5035736560821533,0.0746079683303833,0.42896568775177,0.18445357680320748,0.42896568775177
434,0.2430781126022339,0.2316111326217651,0.1585831344127655,0.1548803746700287,0.2430781126022339,0.2316111326217651,0.011466979980468778,0.0037027597427368164,0.011466979980468778
435,0.7310347557067871,0.3095846176147461,0.1260749548673629,0.0602097772061824,0.7310347557067871,0.3095846176147461,0.421450138092041,0.0658651776611805,0.421450138092041
436,0.8505027294158936,0.5534768104553223,0.2182478904724121,0.1449854373931884,0.8505027294158936,0.5534768104553223,0.2970259189605713,0.07326245307922372,0.2970259189605713
437,0.1877775192260742,0.1708468198776245,0.0711947828531265,0.1206804364919662,0.1877775192260742,0.1708468198776245,0.01693069934844968,-0.04948565363883971,0.01693069934844968
438,0.6075218915939331,0.0814517736434936,0.2850428223609924,0.0403361991047859,0.6075218915939331,0.0814517736434936,0.5260701179504395,0.24470662325620648,0.5260701179504395
439,0.1678576469421386,0.2933826446533203,0.0787782669067382,0.1918611377477646,0.1678576469421386,0.2933826446533203,-0.12552499771118172,-0.11308287084102639,-0.12552499771118172
440,1.0612728595733645,0.4905191659927368,0.2554160356521606,0.141013815999031,1.0612728595733645,0.4905191659927368,0.5707536935806277,0.11440221965312958,0.5707536935806277
441,0.4230184555053711,0.0812594890594482,0.2223215103149414,0.0630944222211837,0.4230184555053711,0.0812594890594482,0.3417589664459229,0.1592270880937577,0.3417589664459229
442,0.8098875284194946,0.1898413896560669,0.3633090555667877,0.1120285615324974,0.8098875284194946,0.1898413896560669,0.6200461387634277,0.2512804940342903,0.6200461387634277
443,0.4366118907928467,0.0548365116119384,0.2333918809890747,0.0470072403550148,0.4366118907928467,0.0548365116119384,0.38177537918090826,0.1863846406340599,0.38177537918090826
444,2.0663106441497803,1.201357364654541,0.2499886304140091,0.1998835355043411,2.0663106441497803,1.201357364654541,0.8649532794952393,0.050105094909667997,0.8649532794952393
445,0.2978839874267578,0.0933499336242675,0.1124758273363113,0.0223002936691045,0.2978839874267578,0.0933499336242675,0.20453405380249032,0.09017553366720679,0.20453405380249032
446,0.5558888912200928,0.1876171827316284,0.1812309771776199,0.0862873643636703,0.5558888912200928,0.1876171827316284,0.36827170848846436,0.09494361281394961,0.36827170848846436
447,0.5347834825515747,0.0924903154373169,0.1942307651042938,0.0719085708260536,0.5347834825515747,0.0924903154373169,0.4422931671142578,0.12232219427824019,0.4422931671142578
448,0.4540692567825317,0.1987378597259521,0.0934585556387901,0.0538113750517368,0.4540692567825317,0.1987378597259521,0.2553313970565796,0.039647180587053306,0.2553313970565796
449,0.3596775531768799,0.1600880622863769,0.128308355808258,0.0893647149205207,0.3596775531768799,0.1600880622863769,0.19958949089050299,0.0389436408877373,0.19958949089050299
450,0.6041901111602783,0.3460419178009033,0.1382847279310226,0.276682049036026,0.6041901111602783,0.3460419178009033,0.258148193359375,-0.1383973211050034,0.258148193359375
451,0.6014243364334106,0.1005398035049438,0.252425879240036,0.0972459837794303,0.6014243364334106,0.1005398035049438,0.5008845329284668,0.1551798954606057,0.5008845329284668
452,0.4613707065582275,0.512902021408081,0.0807013884186744,0.0814003124833107,0.4613707065582275,0.512902021408081,-0.05153131484985357,-0.0006989240646362999,-0.05153131484985357
453,0.8210731744766235,0.3906936645507812,0.0948526561260223,0.0508285090327262,0.8210731744766235,0.3906936645507812,0.43037950992584234,0.0440241470932961,0.43037950992584234
454,0.1600866317749023,0.2879445552825928,0.1025019139051437,0.177773430943489,0.1600866317749023,0.2879445552825928,-0.12785792350769049,-0.0752715170383453,-0.12785792350769049
455,0.5526453256607056,0.2017667293548584,0.2589804828166961,0.0943707674741745,0.5526453256607056,0.2017667293548584,0.35087859630584717,0.1646097153425216,0.35087859630584717
456,0.1791508197784423,0.2140733003616333,0.0886538028717041,0.1378200948238372,0.1791508197784423,0.2140733003616333,-0.034922480583191,-0.049166291952133095,-0.034922480583191
457,0.710077166557312,0.3029143810272217,0.1216236650943756,0.0590599626302719,0.710077166557312,0.3029143810272217,0.40716278553009033,0.0625637024641037,0.40716278553009033
458,0.6433814764022827,0.7344788312911987,0.0929771587252616,0.1178724393248558,0.6433814764022827,0.7344788312911987,-0.09109735488891602,-0.0248952805995942,-0.09109735488891602
459,0.4831340312957763,0.4015542268753052,0.1133501008152961,0.1553644686937332,0.4831340312957763,0.4015542268753052,0.08157980442047114,-0.042014367878437084,0.08157980442047114
460,0.5928682088851929,0.143121600151062,0.1905508786439895,0.0896556079387664,0.5928682088851929,0.143121600151062,0.44974660873413086,0.10089527070522311,0.44974660873413086
461,0.5810474157333374,0.168553352355957,0.110642984509468,0.0354102663695812,0.5810474157333374,0.168553352355957,0.41249406337738037,0.0752327181398868,0.41249406337738037
462,0.3141763210296631,0.1840286254882812,0.1239705085754394,0.0951399058103561,0.3141763210296631,0.1840286254882812,0.1301476955413819,0.0288306027650833,0.1301476955413819
463,0.8362268209457397,0.2570663690567016,0.1945918351411819,0.0999559164047241,0.8362268209457397,0.2570663690567016,0.5791604518890381,0.0946359187364578,0.5791604518890381
464,1.3849221467971802,0.8776828050613403,0.2221755981445312,0.1656127721071243,1.3849221467971802,0.8776828050613403,0.5072393417358398,0.056562826037406894,0.5072393417358398
465,1.8916629552841189,1.183867335319519,0.2423770278692245,0.1898003220558166,1.8916629552841189,1.183867335319519,0.7077956199645998,0.0525767058134079,0.7077956199645998
466,0.2643697261810303,0.1826366186141967,0.1171456202864646,0.1145201176404953,0.2643697261810303,0.1826366186141967,0.08173310756683358,0.0026255026459692937,0.08173310756683358
467,0.4910799264907837,0.1071252822875976,0.1788069903850555,0.0677529126405716,0.4910799264907837,0.1071252822875976,0.3839546442031861,0.11105407774448389,0.3839546442031861
468,0.6100285053253174,0.0968463420867919,0.2767151296138763,0.0958879813551902,0.6100285053253174,0.0968463420867919,0.5131821632385255,0.1808271482586861,0.5131821632385255
469,0.3694827556610107,0.0805320739746093,0.1477304250001907,0.0544029958546161,0.3694827556610107,0.0805320739746093,0.28895068168640137,0.0933274291455746,0.28895068168640137
470,1.4608023166656494,1.0027296543121338,0.2246274501085281,0.1790736317634582,1.4608023166656494,1.0027296543121338,0.4580726623535156,0.04555381834506991,0.4580726623535156
471,0.741593599319458,0.228743314743042,0.2387913763523101,0.1211350560188293,0.741593599319458,0.228743314743042,0.512850284576416,0.1176563203334808,0.512850284576416
472,0.1983313560485839,0.1958017349243164,0.0570440590381622,0.1134963780641555,0.1983313560485839,0.1958017349243164,0.002529621124267495,-0.0564523190259933,0.002529621124267495
473,0.520505428314209,0.0873105525970459,0.276287704706192,0.0436176359653472,0.520505428314209,0.0873105525970459,0.4331948757171631,0.2326700687408448,0.4331948757171631
474,1.8428738117218015,1.0556316375732422,0.2412726134061813,0.1863445043563842,1.8428738117218015,1.0556316375732422,0.7872421741485593,0.054928109049797114,0.7872421741485593
475,0.2797122001647949,0.1573147773742675,0.1662880480289459,0.1400900185108184,0.2797122001647949,0.1573147773742675,0.12239742279052743,0.026198029518127497,0.12239742279052743
476,0.7861429452896118,0.3140628337860107,0.2245431989431381,0.1176002100110054,0.7861429452896118,0.3140628337860107,0.47208011150360113,0.1069429889321327,0.47208011150360113
477,0.4081231355667114,0.7146637439727783,0.2550995349884033,0.3064807653427124,0.4081231355667114,0.7146637439727783,-0.3065406084060669,-0.05138123035430908,-0.3065406084060669
478,0.2067443132400512,0.0378139019012451,0.0940470173954963,0.0268639679998159,0.2067443132400512,0.0378139019012451,0.1689304113388061,0.0671830493956804,0.1689304113388061
479,0.7124639749526978,0.1491215229034423,0.2280495166778564,0.0973174348473548,0.7124639749526978,0.1491215229034423,0.5633424520492555,0.13073208183050158,0.5633424520492555
480,0.5879292488098145,0.6398041248321533,0.0874321833252906,0.0858794376254081,0.5879292488098145,0.6398041248321533,-0.05187487602233887,0.0015527456998824934,-0.05187487602233887
481,0.510901689529419,0.2655733823776245,0.1767683029174804,0.0786031112074852,0.510901689529419,0.2655733823776245,0.24532830715179443,0.09816519170999521,0.24532830715179443
482,0.294603943824768,0.6967425346374512,0.2213766127824783,0.3061078488826751,0.294603943824768,0.6967425346374512,-0.40213859081268316,-0.08473123610019681,-0.40213859081268316
483,1.1970970630645752,0.8012659549713135,0.211625263094902,0.1613620668649673,1.1970970630645752,0.8012659549713135,0.3958311080932617,0.05026319622993472,0.3958311080932617
484,0.7867357730865479,0.2110155820846557,0.197672039270401,0.0529132299125194,0.7867357730865479,0.2110155820846557,0.5757201910018921,0.1447588093578816,0.5757201910018921
485,0.7653375864028931,0.3276907205581665,0.2727773785591125,0.1417429745197296,0.7653375864028931,0.3276907205581665,0.43764686584472656,0.1310344040393829,0.43764686584472656
486,0.7194441556930542,0.804468035697937,0.1107120513916015,0.0951267406344413,0.7194441556930542,0.804468035697937,-0.08502388000488281,0.015585310757160187,-0.08502388000488281
487,0.5567007064819336,0.2497990131378173,0.0829013437032699,0.0311538837850093,0.5567007064819336,0.2497990131378173,0.3069016933441163,0.0517474599182606,0.3069016933441163
488,0.1618582010269165,0.2029052972793579,0.0700574740767479,0.1364661753177642,0.1618582010269165,0.2029052972793579,-0.041047096252441406,-0.0664087012410163,-0.041047096252441406
489,0.4627707004547119,0.1362892389297485,0.0819897204637527,0.0315269902348518,0.4627707004547119,0.1362892389297485,0.3264814615249634,0.0504627302289009,0.3264814615249634
490,0.8056855201721191,0.1309796571731567,0.3045485913753509,0.1229182258248329,0.8056855201721191,0.1309796571731567,0.6747058629989624,0.18163036555051798,0.6747058629989624
491,0.4085676670074463,0.0811061859130859,0.2289392054080963,0.0331492349505424,0.4085676670074463,0.0811061859130859,0.3274614810943604,0.19578997045755392,0.3274614810943604
492,0.2896281480789184,0.5025781393051147,0.1468462347984314,0.2165364772081375,0.2896281480789184,0.5025781393051147,-0.21294999122619634,-0.06969024240970612,-0.21294999122619634
493,0.1890163421630859,0.0351090431213378,0.0806080773472786,0.0250118970870971,0.1890163421630859,0.0351090431213378,0.1539072990417481,0.055596180260181496,0.1539072990417481
494,0.5207456350326538,0.3429322242736816,0.139714702963829,0.2785073220729828,0.5207456350326538,0.3429322242736816,0.17781341075897222,-0.13879261910915378,0.17781341075897222
495,0.2136331796646118,0.3516410589218139,0.0511496141552925,0.2024096697568893,0.2136331796646118,0.3516410589218139,-0.13800787925720212,-0.15126005560159678,-0.13800787925720212
496,0.5785747766494751,0.1836186647415161,0.1113832294940948,0.0444229692220687,0.5785747766494751,0.1836186647415161,0.394956111907959,0.06696026027202609,0.394956111907959
497,0.4195234775543213,0.0978940725326538,0.0909875333309173,0.024800045415759,0.4195234775543213,0.0978940725326538,0.3216294050216675,0.0661874879151583,0.3216294050216675
498,0.5832388401031494,0.3666415214538574,0.1683907359838485,0.2593016028404236,0.5832388401031494,0.3666415214538574,0.216597318649292,-0.0909108668565751,0.216597318649292
499,0.5164035558700562,0.0808868408203125,0.1848894655704498,0.0595943927764892,0.5164035558700562,0.0808868408203125,0.43551671504974365,0.1252950727939606,0.43551671504974365
500,0.4276117086410522,0.7295756340026855,0.2692174017429352,0.2936566770076751,0.4276117086410522,0.7295756340026855,-0.30196392536163336,-0.024439275264739935,-0.30196392536163336
501,0.8195978403091431,0.2794746160507202,0.1545572578907013,0.0679840967059135,0.8195978403091431,0.2794746160507202,0.5401232242584229,0.08657316118478779,0.5401232242584229
502,0.3832025527954101,0.1558731794357299,0.1447029560804367,0.0390794314444065,0.3832025527954101,0.1558731794357299,0.2273293733596802,0.1056235246360302,0.2273293733596802
503,0.5174543857574463,0.2628296613693237,0.1273089945316314,0.2309671491384506,0.5174543857574463,0.2628296613693237,0.2546247243881226,-0.10365815460681921,0.2546247243881226
504,0.7176100015640259,0.3508415222167969,0.1756760329008102,0.2655366063117981,0.7176100015640259,0.3508415222167969,0.366768479347229,-0.08986057341098791,0.366768479347229
505,0.5421788692474365,0.1089364290237426,0.2631019949913025,0.0938767418265342,0.5421788692474365,0.1089364290237426,0.4332424402236939,0.16922525316476827,0.4332424402236939
506,0.6377272605895996,0.1166954040527343,0.2641457617282867,0.1194427385926246,0.6377272605895996,0.1166954040527343,0.5210318565368653,0.14470302313566208,0.5210318565368653
507,0.7023310661315918,0.3130649328231811,0.1164863631129264,0.0657281577587127,0.7023310661315918,0.3130649328231811,0.3892661333084107,0.0507582053542137,0.3892661333084107
508,0.3892288208007812,0.0307308435440063,0.1818072199821472,0.0307086668908596,0.3892288208007812,0.0307308435440063,0.3584979772567749,0.15109855309128759,0.3584979772567749
509,0.16195809841156,0.3483928442001343,0.1292613446712494,0.2004150599241256,0.16195809841156,0.3483928442001343,-0.18643474578857427,-0.0711537152528762,-0.18643474578857427
510,0.3180515766143799,0.0843504667282104,0.089559182524681,0.0781939178705215,0.3180515766143799,0.0843504667282104,0.2337011098861695,0.01136526465415949,0.2337011098861695
511,1.6076340675354004,1.0333046913146973,0.2638794481754303,0.2109588831663131,1.6076340675354004,1.0333046913146973,0.5743293762207031,0.05292056500911721,0.5743293762207031
512,0.3440829515457153,0.3088221549987793,0.2371299564838409,0.1558467894792556,0.3440829515457153,0.3088221549987793,0.03526079654693598,0.0812831670045853,0.03526079654693598
513,0.1529525518417358,0.0987566709518432,0.0604666247963905,0.0896195843815803,0.1529525518417358,0.0987566709518432,0.054195880889892606,-0.0291529595851898,0.054195880889892606
514,0.4355888366699219,0.1042529344558715,0.2513248920440674,0.0602224990725517,0.4355888366699219,0.1042529344558715,0.3313359022140504,0.19110239297151568,0.3313359022140504
515,0.6793005466461182,0.4641536474227905,0.2256451994180679,0.3297136723995209,0.6793005466461182,0.4641536474227905,0.21514689922332764,-0.10406847298145297,0.21514689922332764
516,0.2725979089736938,0.2047358751296997,0.1687780916690826,0.1250276863574981,0.2725979089736938,0.2047358751296997,0.06786203384399409,0.0437504053115845,0.06786203384399409
517,0.2599149942398071,0.1967082023620605,0.0891593322157859,0.078550323843956,0.2599149942398071,0.1967082023620605,0.06320679187774658,0.010609008371829903,0.06320679187774658
518,0.5571504831314087,0.7016984224319458,0.0969815477728843,0.1118198931217193,0.5571504831314087,0.7016984224319458,-0.1445479393005371,-0.014838345348835005,-0.1445479393005371
519,0.2644309997558594,0.2440352439880371,0.1637026965618133,0.1457242965698242,0.2644309997558594,0.2440352439880371,0.020395755767822266,0.017978399991989108,0.020395755767822266
